$date
	Sat Dec 27 08:00:03 2025
$end
$version
	Icarus Verilog
$end
$timescale
	1ps
$end
$scope module tb_spu_core $end
$var wire 2 ! out_spin [1:0] $end
$var reg 1 " clk $end
$var reg 16 # h [15:0] $end
$var reg 16 $ j0 [15:0] $end
$var reg 16 % j1 [15:0] $end
$var reg 16 & j2 [15:0] $end
$var reg 16 ' j3 [15:0] $end
$var reg 1 ( rst_n $end
$var reg 2 ) s0 [1:0] $end
$var reg 2 * s1 [1:0] $end
$var reg 2 + s2 [1:0] $end
$var reg 2 , s3 [1:0] $end
$var reg 16 - temp [15:0] $end
$scope module uut $end
$var wire 1 . accept_flip $end
$var wire 1 " clk $end
$var wire 16 / h_local_field [15:0] $end
$var wire 16 0 j_coupling_0 [15:0] $end
$var wire 16 1 j_coupling_1 [15:0] $end
$var wire 16 2 j_coupling_2 [15:0] $end
$var wire 16 3 j_coupling_3 [15:0] $end
$var wire 2 4 neighbor_spin_0 [1:0] $end
$var wire 2 5 neighbor_spin_1 [1:0] $end
$var wire 2 6 neighbor_spin_2 [1:0] $end
$var wire 2 7 neighbor_spin_3 [1:0] $end
$var wire 1 ( rst_n $end
$var wire 16 8 temperature [15:0] $end
$var wire 18 9 scaled_temperature [17:0] $end
$var wire 16 : internal_rand_num [15:0] $end
$var wire 18 ; delta_energy [17:0] $end
$var parameter 32 < DATA_WIDTH $end
$var parameter 32 = FRAC_BITS $end
$var parameter 33 > FULL_WIDTH $end
$var parameter 32 ? NEIGHBOR_COUNT $end
$var reg 18 @ coupling_energy_sum [17:0] $end
$var reg 2 A current_spin_state [1:0] $end
$var reg 18 B total_local_energy [17:0] $end
$var integer 32 C i [31:0] $end
$scope module entropy_source $end
$var wire 1 " clk $end
$var wire 1 D raw_entropy $end
$var wire 1 E rst $end
$var wire 1 F ro4_out $end
$var wire 1 G ro3_out $end
$var wire 1 H ro2_out $end
$var wire 1 I ro1_out $end
$var reg 16 J rand_out [15:0] $end
$scope module ro1 $end
$var wire 1 K enable $end
$var wire 1 I osc_out $end
$var wire 1 L w1 $end
$var wire 1 M w2 $end
$var wire 1 N w3 $end
$var parameter 32 O DELAY $end
$upscope $end
$scope module ro2 $end
$var wire 1 P enable $end
$var wire 1 H osc_out $end
$var wire 1 Q w1 $end
$var wire 1 R w2 $end
$var wire 1 S w3 $end
$var parameter 32 T DELAY $end
$upscope $end
$scope module ro3 $end
$var wire 1 U enable $end
$var wire 1 G osc_out $end
$var wire 1 V w1 $end
$var wire 1 W w2 $end
$var wire 1 X w3 $end
$var parameter 32 Y DELAY $end
$upscope $end
$scope module ro4 $end
$var wire 1 Z enable $end
$var wire 1 F osc_out $end
$var wire 1 [ w1 $end
$var wire 1 \ w2 $end
$var wire 1 ] w3 $end
$var parameter 32 ^ DELAY $end
$upscope $end
$upscope $end
$upscope $end
$upscope $end
$enddefinitions $end
$comment Show the parameter values. $end
$dumpall
b111 ^
b101 Y
b11 T
b10 O
b100 ?
b10010 >
b1100 =
b10000 <
$end
#0
$dumpvars
x]
x\
x[
0Z
xX
xW
xV
0U
xS
xR
xQ
0P
xN
xM
xL
0K
b0 J
xI
xH
xG
xF
1E
xD
b100 C
b0 B
b1 A
b0 @
b0 ;
b0 :
bx00 9
bx 8
b1 7
b1 6
b1 5
b1 4
b0 3
b0 2
b0 1
b0 0
b0 /
x.
bx -
b1 ,
b1 +
b1 *
b1 )
0(
b0 '
b0 &
b0 %
b0 $
b0 #
0"
b1 !
$end
#2000
1L
#3000
1Q
#4000
0M
#5000
1V
1"
#6000
1I
1N
0R
#7000
1[
#9000
1H
1S
#10000
0W
0"
#14000
0\
#15000
1G
1X
1"
#20000
1.
b1111101000000 9
0"
b11111010000 -
b11111010000 8
1K
1P
1U
1Z
0E
1(
#21000
0D
1F
1]
#22000
0L
#23000
0Q
#24000
1M
#25000
b11 !
b11 A
0V
1"
#26000
1D
0I
0N
1R
#28000
1L
0[
#29000
0D
0H
0S
#30000
0M
1W
0"
#32000
1D
1I
1N
1Q
#34000
0L
#35000
b1 :
b1 J
b1 !
b1 A
0D
0R
0G
0X
1"
1\
#36000
1M
#38000
0I
0N
1H
1S
#40000
1L
1V
0"
#41000
0Q
#42000
1D
0M
0F
0]
#44000
0D
1I
1N
1R
#45000
b10 :
b10 J
b11 !
b11 A
0W
1"
#46000
0L
#47000
1D
0H
0S
#48000
1M
#49000
1[
#50000
1D
0I
0N
1Q
1G
1X
0"
#52000
1L
#53000
0R
#54000
0M
#55000
b101 :
b101 J
b1 !
b1 A
0V
1"
#56000
1I
1N
1H
1S
0\
#58000
0L
#59000
0Q
#60000
1M
1W
0"
#62000
0D
0I
0N
1R
#63000
1D
1F
1]
#64000
1L
#65000
b1011 :
b1011 J
b11 !
b11 A
1D
0H
0S
0G
0X
1"
#66000
0M
#68000
0D
1I
1N
1Q
#70000
0L
1V
0"
0[
#71000
0R
#72000
1M
#74000
0I
0N
1H
1S
#75000
b10110 :
b10110 J
b1 !
b1 A
0W
1"
#76000
1L
#77000
0Q
1\
#78000
0M
#80000
0D
1I
1N
1R
1G
1X
0"
#82000
0L
#83000
1D
0H
0S
#84000
0D
1M
0F
0]
#85000
b101100 :
b101100 J
b11 !
b11 A
0V
1"
#86000
1D
0I
0N
1Q
#88000
1L
#89000
0R
#90000
0M
1W
0"
#91000
1[
#92000
1I
1N
1H
1S
#94000
0L
#95000
b1011001 :
b1011001 J
b1 !
b1 A
0D
0Q
0G
0X
1"
#96000
1M
#98000
1D
0I
0N
1R
0\
#100000
1L
1V
0"
#101000
0D
0H
0S
#102000
0M
#104000
1D
1I
1N
1Q
#105000
b10110010 :
b10110010 J
b11 !
b11 A
0D
0W
1"
1F
1]
#106000
0L
#107000
0R
#108000
1M
#110000
1D
0I
0N
1H
1S
1G
1X
0"
#112000
1L
0[
#113000
0Q
#114000
0M
#115000
b101100101 :
b101100101 J
b1 !
b1 A
0V
1"
#116000
0D
1I
1N
1R
#118000
0L
#119000
1D
0H
0S
1\
#120000
1M
1W
0"
#122000
0D
0I
0N
1Q
#124000
1L
#125000
b1011001010 :
b1011001010 J
b11 !
b11 A
1D
0R
0G
0X
1"
#126000
0D
0M
0F
0]
#128000
1I
1N
1H
1S
#130000
0L
1V
0"
#131000
0Q
#132000
1M
#133000
1[
#134000
1D
0I
0N
1R
#135000
b10110010101 :
b10110010101 J
b1 !
b1 A
0W
1"
#136000
1L
#137000
0D
0H
0S
#138000
0M
#140000
0D
1I
1N
1Q
1G
1X
0"
0\
#142000
0L
#143000
0R
#144000
1M
#145000
b101100101010 :
b101100101010 J
b11 !
b11 A
0V
1"
#146000
0I
0N
1H
1S
#147000
1D
1F
1]
#148000
1L
#149000
0Q
#150000
0M
1W
0"
#152000
0D
1I
1N
1R
#154000
0L
0[
#155000
0.
b1011001010100 :
b1011001010100 J
b1 !
b1 A
0D
0H
0S
0G
0X
1"
#156000
1M
#158000
1D
0I
0N
1Q
#160000
1L
1V
0"
#161000
0R
1\
#162000
0M
#164000
1I
1N
1H
1S
#165000
b10110010101001 :
b10110010101001 J
0W
1"
#166000
0L
#167000
0Q
#168000
0D
1M
0F
0]
#170000
0D
0I
0N
1R
1G
1X
0"
#172000
1L
#173000
1D
0H
0S
#174000
0M
#175000
b101100101010011 :
b101100101010011 J
0V
1"
1[
#176000
0D
1I
1N
1Q
#178000
0L
#179000
0R
#180000
1M
1W
0"
#182000
0I
0N
1H
1S
0\
#184000
1L
#185000
b1011001010100110 :
b1011001010100110 J
1D
0Q
0G
0X
1"
#186000
0M
#188000
0D
1I
1N
1R
#189000
1D
1F
1]
#190000
0L
1V
0"
#191000
0D
0H
0S
#192000
1M
#194000
1D
0I
0N
1Q
#195000
b110010101001101 :
b110010101001101 J
0W
1"
#196000
1L
0[
#197000
0R
#198000
0M
#200000
0D
1I
1N
1H
1S
1G
1X
0"
#202000
0L
#203000
0Q
1\
#204000
1M
#205000
b1100101010011010 :
b1100101010011010 J
0V
1"
#206000
1D
0I
0N
1R
#208000
1L
#209000
0D
0H
0S
#210000
1D
0M
1W
0"
0F
0]
#212000
0D
1I
1N
1Q
#214000
0L
#215000
b1001010100110100 :
b1001010100110100 J
1D
0R
0G
0X
1"
#216000
1M
#217000
1[
#218000
0I
0N
1H
1S
#220000
1L
1V
0"
#221000
0Q
#222000
0M
#224000
0D
1I
1N
1R
0\
#225000
b10101001101000 :
b10101001101000 J
0W
1"
#226000
0L
#227000
1D
0H
0S
#228000
1M
#230000
1D
0I
0N
1Q
1G
1X
0"
#231000
0D
1F
1]
#232000
1L
#233000
0R
#234000
0M
#235000
b101010011010000 :
b101010011010000 J
0V
1"
#236000
1I
1N
1H
1S
#238000
0L
0[
#239000
0Q
#240000
1M
1W
0"
#242000
1D
0I
0N
1R
#244000
1L
#245000
b1010100110100001 :
b1010100110100001 J
1D
0H
0S
0G
0X
1"
1\
#246000
0M
#248000
0D
1I
1N
1Q
#250000
0L
1V
0"
#251000
0R
#252000
1D
1M
0F
0]
#254000
0I
0N
1H
1S
#255000
b101001101000011 :
b101001101000011 J
0W
1"
#256000
1L
#257000
0Q
#258000
0M
#259000
1[
#260000
1D
1I
1N
1R
1G
1X
0"
#262000
0L
#263000
0D
0H
0S
#264000
1M
#265000
b1010011010000110 :
b1010011010000110 J
0V
1"
#266000
1D
0I
0N
1Q
0\
#268000
1L
#269000
0R
#270000
0M
1W
0"
#272000
1I
1N
1H
1S
#273000
0D
1F
1]
#274000
0L
#275000
b100110100001100 :
b100110100001100 J
1D
0Q
0G
0X
1"
#276000
1M
#278000
0D
0I
0N
1R
#280000
1L
1V
0"
0[
#281000
1D
0H
0S
#282000
0M
#284000
0D
1I
1N
1Q
#285000
b1001101000011000 :
b1001101000011000 J
0W
1"
#286000
0L
#287000
0R
1\
#288000
1M
#290000
1D
0I
0N
1H
1S
1G
1X
0"
#292000
1L
#293000
0Q
#294000
0D
0M
0F
0]
#295000
b11010000110000 :
b11010000110000 J
0V
1"
#296000
1D
1I
1N
1R
#298000
0L
#299000
0D
0H
0S
#300000
1M
1W
0"
#301000
1[
#302000
1D
0I
0N
1Q
#304000
1L
#305000
b110100001100001 :
b110100001100001 J
0D
0R
0G
0X
1"
#306000
0M
#308000
1I
1N
1H
1S
0\
#310000
0L
1V
0"
#311000
0Q
#312000
1M
#314000
1D
0I
0N
1R
#315000
b1101000011000010 :
b1101000011000010 J
0D
0W
1"
1F
1]
#316000
1L
#317000
1D
0H
0S
#318000
0M
#320000
1D
1I
1N
1Q
1G
1X
0"
#322000
0L
0[
#323000
0R
#324000
1M
#325000
b1010000110000101 :
b1010000110000101 J
0V
1"
#326000
0I
0N
1H
1S
#328000
1L
#329000
0Q
1\
#330000
0M
1W
0"
#332000
0D
1I
1N
1R
#334000
0L
#335000
b100001100001010 :
b100001100001010 J
0D
0H
0S
0G
0X
1"
#336000
1D
1M
0F
0]
#338000
0D
0I
0N
1Q
#340000
1L
1V
0"
#341000
0R
#342000
0M
#343000
1[
#344000
1I
1N
1H
1S
#345000
b1000011000010100 :
b1000011000010100 J
0W
1"
#346000
0L
#347000
0Q
#348000
1M
#350000
0D
0I
0N
1R
1G
1X
0"
0\
#352000
1L
#353000
1D
0H
0S
#354000
0M
#355000
1.
b110000101001 :
b110000101001 J
0V
1"
#356000
0D
1I
1N
1Q
#357000
1D
1F
1]
#358000
0L
#359000
0R
#360000
1M
1W
0"
#362000
0I
0N
1H
1S
#364000
1L
0[
#365000
0.
b1100001010011 :
b1100001010011 J
b11 !
b11 A
0D
0Q
0G
0X
1"
#366000
0M
#368000
1D
1I
1N
1R
#370000
0L
1V
0"
#371000
0D
0H
0S
1\
#372000
1M
#374000
1D
0I
0N
1Q
#375000
b11000010100111 :
b11000010100111 J
0W
1"
#376000
1L
#377000
0R
#378000
0D
0M
0F
0]
#380000
1D
1I
1N
1H
1S
1G
1X
0"
#382000
0L
#383000
0Q
#384000
1M
#385000
b110000101001111 :
b110000101001111 J
0V
1"
1[
#386000
0D
0I
0N
1R
#388000
1L
#389000
1D
0H
0S
#390000
0M
1W
0"
#392000
0D
1I
1N
1Q
0\
#394000
0L
#395000
b1100001010011110 :
b1100001010011110 J
1D
0R
0G
0X
1"
#396000
1M
#398000
0I
0N
1H
1S
#399000
0D
1F
1]
#400000
1L
1V
0"
#401000
0Q
#402000
0M
#404000
1D
1I
1N
1R
#405000
b1000010100111101 :
b1000010100111101 J
0W
1"
#406000
0L
0[
#407000
0D
0H
0S
#408000
1M
#410000
0D
0I
0N
1Q
1G
1X
0"
#412000
1L
#413000
0R
1\
#414000
0M
#415000
1.
b101001111010 :
b101001111010 J
0V
1"
#416000
1I
1N
1H
1S
#418000
0L
#419000
0Q
#420000
1D
1M
1W
0"
0F
0]
#422000
0D
0I
0N
1R
#424000
1L
#425000
0.
b1010011110100 :
b1010011110100 J
b1 !
b1 A
0D
0H
0S
0G
0X
1"
#426000
0M
#427000
1[
#428000
1D
1I
1N
1Q
#430000
0L
1V
0"
#431000
0R
#432000
1M
#434000
0I
0N
1H
1S
0\
#435000
b10100111101001 :
b10100111101001 J
0W
1"
#436000
1L
#437000
0Q
#438000
0M
#440000
1D
1I
1N
1R
1G
1X
0"
#441000
0D
1F
1]
#442000
0L
#443000
1D
0H
0S
#444000
1M
#445000
b101001111010011 :
b101001111010011 J
0V
1"
#446000
0D
0I
0N
1Q
#448000
1L
0[
#449000
0R
#450000
0M
1W
0"
#452000
1I
1N
1H
1S
#454000
0L
#455000
b1010011110100110 :
b1010011110100110 J
1D
0Q
0G
0X
1"
1\
#456000
1M
#458000
0D
0I
0N
1R
#460000
1L
1V
0"
#461000
1D
0H
0S
#462000
0D
0M
0F
0]
#464000
1D
1I
1N
1Q
#465000
b100111101001101 :
b100111101001101 J
0W
1"
#466000
0L
#467000
0R
#468000
1M
#469000
1[
#470000
0D
0I
0N
1H
1S
1G
1X
0"
#472000
1L
#473000
0Q
#474000
0M
#475000
b1001111010011010 :
b1001111010011010 J
0V
1"
#476000
1D
1I
1N
1R
0\
#478000
0L
#479000
0D
0H
0S
#480000
1M
1W
0"
#482000
1D
0I
0N
1Q
#483000
0D
1F
1]
#484000
1L
#485000
b11110100110100 :
b11110100110100 J
1D
0R
0G
0X
1"
#486000
0M
#488000
1I
1N
1H
1S
#490000
0L
1V
0"
0[
#491000
0Q
#492000
1M
#494000
0D
0I
0N
1R
#495000
b111101001101000 :
b111101001101000 J
0W
1"
#496000
1L
#497000
1D
0H
0S
1\
#498000
0M
#500000
1D
1I
1N
1Q
1G
1X
0"
#502000
0L
#503000
0R
#504000
0D
1M
0F
0]
#505000
b1111010011010000 :
b1111010011010000 J
0V
1"
#506000
0I
0N
1H
1S
#508000
1L
#509000
0Q
#510000
0M
1W
0"
#511000
1[
#512000
1D
1I
1N
1R
#514000
0L
#515000
b1110100110100001 :
b1110100110100001 J
1D
0H
0S
0G
0X
1"
#516000
1M
#518000
0D
0I
0N
1Q
0\
#520000
1L
1V
0"
#521000
0R
#522000
0M
#524000
1I
1N
1H
1S
#525000
b1101001101000011 :
b1101001101000011 J
1D
0W
1"
1F
1]
#526000
0L
#527000
0Q
#528000
1M
#530000
1D
0I
0N
1R
1G
1X
0"
#532000
1L
0[
#533000
0D
0H
0S
#534000
0M
#535000
b1010011010000110 :
b1010011010000110 J
0V
1"
#536000
1D
1I
1N
1Q
#538000
0L
#539000
0R
1\
#540000
1M
1W
0"
#542000
0I
0N
1H
1S
#544000
1L
#545000
b100110100001101 :
b100110100001101 J
0D
0Q
0G
0X
1"
#546000
1D
0M
0F
0]
#548000
0D
1I
1N
1R
#550000
0L
1V
0"
#551000
1D
0H
0S
#552000
1M
#553000
1[
#554000
0D
0I
0N
1Q
#555000
b1001101000011010 :
b1001101000011010 J
0W
1"
#556000
1L
#557000
0R
#558000
0M
#560000
1D
1I
1N
1H
1S
1G
1X
0"
0\
#562000
0L
#563000
0Q
#564000
1M
#565000
b11010000110101 :
b11010000110101 J
0V
1"
#566000
0D
0I
0N
1R
#567000
1D
1F
1]
#568000
1L
#569000
0D
0H
0S
#570000
0M
1W
0"
#572000
1D
1I
1N
1Q
#574000
0L
0[
#575000
b110100001101011 :
b110100001101011 J
0D
0R
0G
0X
1"
#576000
1M
#578000
0I
0N
1H
1S
#580000
1L
1V
0"
#581000
0Q
1\
#582000
0M
#584000
1D
1I
1N
1R
#585000
b1101000011010111 :
b1101000011010111 J
0W
1"
#586000
0L
#587000
0D
0H
0S
#588000
1D
1M
0F
0]
#590000
1D
0I
0N
1Q
1G
1X
0"
#592000
1L
#593000
0R
#594000
0M
#595000
b1010000110101111 :
b1010000110101111 J
0V
1"
1[
#596000
1I
1N
1H
1S
#598000
0L
#599000
0Q
#600000
1M
1W
0"
#602000
0D
0I
0N
1R
0\
#604000
1L
#605000
b100001101011110 :
b100001101011110 J
0D
0H
0S
0G
0X
1"
#606000
0M
#608000
1D
1I
1N
1Q
#609000
0D
1F
1]
#610000
0L
1V
0"
#611000
0R
#612000
1M
#614000
0I
0N
1H
1S
#615000
b1000011010111100 :
b1000011010111100 J
0W
1"
#616000
1L
0[
#617000
0Q
#618000
0M
#620000
0D
1I
1N
1R
1G
1X
0"
#622000
0L
#623000
1D
0H
0S
1\
#624000
1M
#625000
1.
b110101111001 :
b110101111001 J
0V
1"
#626000
0D
0I
0N
1Q
#628000
1L
#629000
0R
#630000
1D
0M
1W
0"
0F
0]
#632000
1I
1N
1H
1S
#634000
0L
#635000
0.
b1101011110011 :
b1101011110011 J
b11 !
b11 A
0D
0Q
0G
0X
1"
#636000
1M
#637000
1[
#638000
1D
0I
0N
1R
#640000
1L
1V
0"
#641000
0D
0H
0S
#642000
0M
#644000
1D
1I
1N
1Q
0\
#645000
b11010111100111 :
b11010111100111 J
0W
1"
#646000
0L
#647000
0R
#648000
1M
#650000
0D
0I
0N
1H
1S
1G
1X
0"
#651000
1D
1F
1]
#652000
1L
#653000
0Q
#654000
0M
#655000
b110101111001111 :
b110101111001111 J
0V
1"
#656000
0D
1I
1N
1R
#658000
0L
0[
#659000
1D
0H
0S
#660000
1M
1W
0"
#662000
0D
0I
0N
1Q
#664000
1L
#665000
b1101011110011110 :
b1101011110011110 J
1D
0R
0G
0X
1"
1\
#666000
0M
#668000
1I
1N
1H
1S
#670000
0L
1V
0"
#671000
0Q
#672000
0D
1M
0F
0]
#674000
1D
0I
0N
1R
#675000
b1010111100111101 :
b1010111100111101 J
0W
1"
#676000
1L
#677000
0D
0H
0S
#678000
0M
#679000
1[
#680000
0D
1I
1N
1Q
1G
1X
0"
#682000
0L
#683000
0R
#684000
1M
#685000
b101111001111010 :
b101111001111010 J
0V
1"
#686000
0I
0N
1H
1S
0\
#688000
1L
#689000
0Q
#690000
0M
1W
0"
#692000
1D
1I
1N
1R
#693000
0D
1F
1]
#694000
0L
#695000
b1011110011110100 :
b1011110011110100 J
0D
0H
0S
0G
0X
1"
#696000
1M
#698000
1D
0I
0N
1Q
#700000
1L
1V
0"
0[
#701000
0R
#702000
0M
#704000
1I
1N
1H
1S
#705000
b111100111101001 :
b111100111101001 J
0W
1"
#706000
0L
#707000
0Q
1\
#708000
1M
#710000
1D
0I
0N
1R
1G
1X
0"
#712000
1L
#713000
0D
0H
0S
#714000
1D
0M
0F
0]
#715000
b1111001111010011 :
b1111001111010011 J
0V
1"
#716000
0D
1I
1N
1Q
#718000
0L
#719000
0R
#720000
1M
1W
0"
#721000
1[
#722000
0I
0N
1H
1S
#724000
1L
#725000
b1110011110100110 :
b1110011110100110 J
1D
0Q
0G
0X
1"
#726000
0M
#728000
0D
1I
1N
1R
0\
#730000
0L
1V
0"
#731000
1D
0H
0S
#732000
1M
#734000
0D
0I
0N
1Q
#735000
b1100111101001101 :
b1100111101001101 J
1D
0W
1"
1F
1]
#736000
1L
#737000
0R
#738000
0M
#740000
0D
1I
1N
1H
1S
1G
1X
0"
#742000
0L
0[
#743000
0Q
#744000
1M
#745000
b1001111010011010 :
b1001111010011010 J
0V
1"
#746000
1D
0I
0N
1R
#748000
1L
#749000
0D
0H
0S
1\
#750000
0M
1W
0"
#752000
1D
1I
1N
1Q
#754000
0L
#755000
b11110100110101 :
b11110100110101 J
0D
0R
0G
0X
1"
#756000
1D
1M
0F
0]
#758000
0I
0N
1H
1S
#760000
1L
1V
0"
#761000
0Q
#762000
0M
#763000
1[
#764000
0D
1I
1N
1R
#765000
b111101001101010 :
b111101001101010 J
0W
1"
#766000
0L
#767000
1D
0H
0S
#768000
1M
#770000
1D
0I
0N
1Q
1G
1X
0"
0\
#772000
1L
#773000
0R
#774000
0M
#775000
b1111010011010101 :
b1111010011010101 J
0V
1"
#776000
1I
1N
1H
1S
#777000
0D
1F
1]
#778000
0L
#779000
0Q
#780000
1M
1W
0"
#782000
1D
0I
0N
1R
#784000
1L
0[
#785000
b1110100110101011 :
b1110100110101011 J
1D
0H
0S
0G
0X
1"
#786000
0M
#788000
0D
1I
1N
1Q
#790000
0L
1V
0"
#791000
0R
1\
#792000
1M
#794000
0I
0N
1H
1S
#795000
b1101001101010110 :
b1101001101010110 J
0W
1"
#796000
1L
#797000
0Q
#798000
1D
0M
0F
0]
#800000
1D
1I
1N
1R
1G
1X
0"
#802000
0L
#803000
0D
0H
0S
#804000
1M
#805000
b1010011010101100 :
b1010011010101100 J
0V
1"
1[
#806000
1D
0I
0N
1Q
#808000
1L
#809000
0R
#810000
0M
1W
0"
#812000
1I
1N
1H
1S
0\
#814000
0L
#815000
b100110101011001 :
b100110101011001 J
0D
0Q
0G
0X
1"
#816000
1M
#818000
1D
0I
0N
1R
#819000
0D
1F
1]
#820000
1L
1V
0"
#821000
1D
0H
0S
#822000
0M
#824000
0D
1I
1N
1Q
#825000
b1001101010110010 :
b1001101010110010 J
0W
1"
#826000
0L
0[
#827000
0R
#828000
1M
#830000
1D
0I
0N
1H
1S
1G
1X
0"
#832000
1L
#833000
0Q
1\
#834000
0M
#835000
b11010101100101 :
b11010101100101 J
0V
1"
#836000
0D
1I
1N
1R
#838000
0L
#839000
1D
0H
0S
#840000
0D
1M
1W
0"
0F
0]
#842000
1D
0I
0N
1Q
#844000
1L
#845000
b110101011001011 :
b110101011001011 J
0D
0R
0G
0X
1"
#846000
0M
#847000
1[
#848000
1I
1N
1H
1S
#850000
0L
1V
0"
#851000
0Q
#852000
1M
#854000
1D
0I
0N
1R
0\
#855000
b1101010110010111 :
b1101010110010111 J
0W
1"
#856000
1L
#857000
0D
0H
0S
#858000
0M
#860000
0D
1I
1N
1Q
1G
1X
0"
#861000
1D
1F
1]
#862000
0L
#863000
0R
#864000
1M
#865000
b1010101100101111 :
b1010101100101111 J
0V
1"
#866000
0I
0N
1H
1S
#868000
1L
0[
#869000
0Q
#870000
0M
1W
0"
#872000
0D
1I
1N
1R
#874000
0L
#875000
b101011001011110 :
b101011001011110 J
0D
0H
0S
0G
0X
1"
1\
#876000
1M
#878000
1D
0I
0N
1Q
#880000
1L
1V
0"
#881000
0R
#882000
0D
0M
0F
0]
#884000
1I
1N
1H
1S
#885000
b1010110010111100 :
b1010110010111100 J
0W
1"
#886000
0L
#887000
0Q
#888000
1M
#889000
1[
#890000
0D
0I
0N
1R
1G
1X
0"
#892000
1L
#893000
1D
0H
0S
#894000
0M
#895000
b101100101111001 :
b101100101111001 J
0V
1"
#896000
0D
1I
1N
1Q
0\
#898000
0L
#899000
0R
#900000
1M
1W
0"
#902000
0I
0N
1H
1S
#903000
1D
1F
1]
#904000
1L
#905000
b1011001011110011 :
b1011001011110011 J
0D
0Q
0G
0X
1"
#906000
0M
#908000
1D
1I
1N
1R
#910000
0L
1V
0"
0[
#911000
0D
0H
0S
#912000
1M
#914000
1D
0I
0N
1Q
#915000
b110010111100111 :
b110010111100111 J
0W
1"
#916000
1L
#917000
0R
1\
#918000
0M
#920000
0D
1I
1N
1H
1S
1G
1X
0"
#922000
0L
#923000
0Q
#924000
1D
1M
0F
0]
#925000
b1100101111001111 :
b1100101111001111 J
0V
1"
#926000
0D
0I
0N
1R
#928000
1L
#929000
1D
0H
0S
#930000
0M
1W
0"
#931000
1[
#932000
0D
1I
1N
1Q
#934000
0L
#935000
b1001011110011110 :
b1001011110011110 J
1D
0R
0G
0X
1"
#936000
1M
#938000
0I
0N
1H
1S
0\
#940000
1L
1V
0"
#941000
0Q
#942000
0M
#944000
0D
1I
1N
1R
#945000
b10111100111101 :
b10111100111101 J
1D
0W
1"
1F
1]
#946000
0L
#947000
0D
0H
0S
#948000
1M
#950000
0D
0I
0N
1Q
1G
1X
0"
#952000
1L
0[
#953000
0R
#954000
0M
#955000
b101111001111010 :
b101111001111010 J
0V
1"
#956000
1I
1N
1H
1S
#958000
0L
#959000
0Q
1\
#960000
1M
1W
0"
#962000
1D
0I
0N
1R
#964000
1L
#965000
b1011110011110101 :
b1011110011110101 J
1D
0H
0S
0G
0X
1"
#966000
0D
0M
0F
0]
#968000
1D
1I
1N
1Q
#970000
0L
1V
0"
#971000
0R
#972000
1M
#973000
1[
#974000
0I
0N
1H
1S
#975000
b111100111101011 :
b111100111101011 J
0W
1"
#976000
1L
#977000
0Q
#978000
0M
#980000
1D
1I
1N
1R
1G
1X
0"
0\
#982000
0L
#983000
0D
0H
0S
#984000
1M
#985000
b1111001111010110 :
b1111001111010110 J
0V
1"
#986000
1D
0I
0N
1Q
#987000
0D
1F
1]
#988000
1L
#989000
0R
#990000
0M
1W
0"
#992000
1I
1N
1H
1S
#994000
0L
0[
#995000
b1110011110101100 :
b1110011110101100 J
1D
0Q
0G
0X
1"
#996000
1M
#998000
0D
0I
0N
1R
#1000000
1L
1V
0"
#1001000
1D
0H
0S
1\
#1002000
0M
#1004000
0D
1I
1N
1Q
#1005000
b1100111101011000 :
b1100111101011000 J
0W
1"
#1006000
0L
#1007000
0R
#1008000
1D
1M
0F
0]
#1010000
0D
0I
0N
1H
1S
1G
1X
0"
#1012000
1L
#1013000
0Q
#1014000
0M
#1015000
b1001111010110000 :
b1001111010110000 J
0V
1"
1[
#1016000
1D
1I
1N
1R
#1018000
0L
#1019000
0D
0H
0S
#1020000
1M
1W
0"
#1022000
1D
0I
0N
1Q
0\
#1024000
1L
#1025000
b11110101100001 :
b11110101100001 J
0D
0R
0G
0X
1"
#1026000
0M
#1028000
1I
1N
1H
1S
#1029000
1D
1F
1]
#1030000
0L
1V
0"
#1031000
0Q
#1032000
1M
#1034000
0D
0I
0N
1R
#1035000
b111101011000010 :
b111101011000010 J
0W
1"
#1036000
1L
0[
#1037000
1D
0H
0S
#1038000
0M
#1040000
1D
1I
1N
1Q
1G
1X
0"
#1042000
0L
#1043000
0R
1\
#1044000
1M
#1045000
b1111010110000101 :
b1111010110000101 J
0V
1"
#1046000
0I
0N
1H
1S
#1048000
1L
#1049000
0Q
#1050000
0D
0M
1W
0"
0F
0]
#1052000
1D
1I
1N
1R
#1054000
0L
#1055000
b1110101100001011 :
b1110101100001011 J
1D
0H
0S
0G
0X
1"
#1056000
1M
#1057000
1[
#1058000
0D
0I
0N
1Q
#1060000
1L
1V
0"
#1061000
0R
#1062000
0M
#1064000
1I
1N
1H
1S
0\
#1065000
b1101011000010110 :
b1101011000010110 J
0W
1"
#1066000
0L
#1067000
0Q
#1068000
1M
#1070000
0D
0I
0N
1R
1G
1X
0"
#1071000
1D
1F
1]
#1072000
1L
#1073000
0D
0H
0S
#1074000
0M
#1075000
b1010110000101100 :
b1010110000101100 J
0V
1"
#1076000
1D
1I
1N
1Q
#1078000
0L
0[
#1079000
0R
#1080000
1M
1W
0"
#1082000
0I
0N
1H
1S
#1084000
1L
#1085000
b101100001011001 :
b101100001011001 J
0D
0Q
0G
0X
1"
1\
#1086000
0M
#1088000
1D
1I
1N
1R
#1090000
0L
1V
0"
#1091000
0D
0H
0S
#1092000
1D
1M
0F
0]
#1094000
0D
0I
0N
1Q
#1095000
b1011000010110010 :
b1011000010110010 J
0W
1"
#1096000
1L
#1097000
0R
#1098000
0M
#1099000
1[
#1100000
1D
1I
1N
1H
1S
1G
1X
0"
#1102000
0L
#1103000
0Q
#1104000
1M
#1105000
b110000101100101 :
b110000101100101 J
0V
1"
#1106000
0D
0I
0N
1R
0\
#1108000
1L
#1109000
1D
0H
0S
#1110000
0M
1W
0"
#1112000
0D
1I
1N
1Q
#1113000
1D
1F
1]
#1114000
0L
#1115000
b1100001011001011 :
b1100001011001011 J
0D
0R
0G
0X
1"
#1116000
1M
#1118000
0I
0N
1H
1S
#1120000
1L
1V
0"
0[
#1121000
0Q
#1122000
0M
#1124000
1D
1I
1N
1R
#1125000
b1000010110010111 :
b1000010110010111 J
0W
1"
#1126000
0L
#1127000
0D
0H
0S
1\
#1128000
1M
#1130000
0D
0I
0N
1Q
1G
1X
0"
#1132000
1L
#1133000
0R
#1134000
1D
0M
0F
0]
#1135000
1.
b101100101111 :
b101100101111 J
0V
1"
#1136000
1I
1N
1H
1S
#1138000
0L
#1139000
0Q
#1140000
1M
1W
0"
#1141000
1[
#1142000
0D
0I
0N
1R
#1144000
1L
#1145000
0.
b1011001011110 :
b1011001011110 J
b1 !
b1 A
0D
0H
0S
0G
0X
1"
#1146000
0M
#1148000
1D
1I
1N
1Q
0\
#1150000
0L
1V
0"
#1151000
0R
#1152000
1M
#1154000
0I
0N
1H
1S
#1155000
b10110010111100 :
b10110010111100 J
0D
0W
1"
1F
1]
#1156000
1L
#1157000
0Q
#1158000
0M
#1160000
0D
1I
1N
1R
1G
1X
0"
#1162000
0L
0[
#1163000
1D
0H
0S
#1164000
1M
#1165000
b101100101111001 :
b101100101111001 J
0V
1"
#1166000
0D
0I
0N
1Q
#1168000
1L
#1169000
0R
1\
#1170000
0M
1W
0"
#1172000
1I
1N
1H
1S
#1174000
0L
#1175000
b1011001011110010 :
b1011001011110010 J
1D
0Q
0G
0X
1"
#1176000
0D
1M
0F
0]
#1178000
1D
0I
0N
1R
#1180000
1L
1V
0"
#1181000
0D
0H
0S
#1182000
0M
#1183000
1[
#1184000
1D
1I
1N
1Q
#1185000
b110010111100101 :
b110010111100101 J
0W
1"
#1186000
0L
#1187000
0R
#1188000
1M
#1190000
0D
0I
0N
1H
1S
1G
1X
0"
0\
#1192000
1L
#1193000
0Q
#1194000
0M
#1195000
b1100101111001010 :
b1100101111001010 J
0V
1"
#1196000
1D
1I
1N
1R
#1197000
0D
1F
1]
#1198000
0L
#1199000
1D
0H
0S
#1200000
1M
1W
0"
#1202000
0D
0I
0N
1Q
#1204000
1L
0[
#1205000
b1001011110010100 :
b1001011110010100 J
1D
0R
0G
0X
1"
#1206000
0M
#1208000
1I
1N
1H
1S
#1210000
0L
1V
0"
#1211000
0Q
1\
#1212000
1M
#1214000
0D
0I
0N
1R
#1215000
b10111100101000 :
b10111100101000 J
0W
1"
#1216000
1L
#1217000
1D
0H
0S
#1218000
0D
0M
0F
0]
#1220000
0D
1I
1N
1Q
1G
1X
0"
#1222000
0L
#1223000
0R
#1224000
1M
#1225000
b101111001010000 :
b101111001010000 J
0V
1"
1[
#1226000
0I
0N
1H
1S
#1228000
1L
#1229000
0Q
#1230000
0M
1W
0"
#1232000
1D
1I
1N
1R
0\
#1234000
0L
#1235000
b1011110010100001 :
b1011110010100001 J
1D
0H
0S
0G
0X
1"
#1236000
1M
#1238000
0D
0I
0N
1Q
#1239000
1D
1F
1]
#1240000
1L
1V
0"
#1241000
0R
#1242000
0M
#1244000
1I
1N
1H
1S
#1245000
b111100101000011 :
b111100101000011 J
0W
1"
#1246000
0L
0[
#1247000
0Q
#1248000
1M
#1250000
1D
0I
0N
1R
1G
1X
0"
#1252000
1L
#1253000
0D
0H
0S
1\
#1254000
0M
#1255000
b1111001010000110 :
b1111001010000110 J
0V
1"
#1256000
1D
1I
1N
1Q
#1258000
0L
#1259000
0R
#1260000
0D
1M
1W
0"
0F
0]
#1262000
0I
0N
1H
1S
#1264000
1L
#1265000
b1110010100001100 :
b1110010100001100 J
1D
0Q
0G
0X
1"
#1266000
0M
#1267000
1[
#1268000
0D
1I
1N
1R
#1270000
0L
1V
0"
#1271000
1D
0H
0S
#1272000
1M
#1274000
0D
0I
0N
1Q
0\
#1275000
b1100101000011000 :
b1100101000011000 J
0W
1"
#1276000
1L
#1277000
0R
#1278000
0M
#1280000
1D
1I
1N
1H
1S
1G
1X
0"
#1281000
0D
1F
1]
#1282000
0L
#1283000
0Q
#1284000
1M
#1285000
b1001010000110000 :
b1001010000110000 J
0V
1"
#1286000
1D
0I
0N
1R
#1288000
1L
0[
#1289000
0D
0H
0S
#1290000
0M
1W
0"
#1292000
1D
1I
1N
1Q
#1294000
0L
#1295000
b10100001100001 :
b10100001100001 J
0D
0R
0G
0X
1"
1\
#1296000
1M
#1298000
0I
0N
1H
1S
#1300000
1L
1V
0"
#1301000
0Q
#1302000
1D
0M
0F
0]
#1304000
0D
1I
1N
1R
#1305000
b101000011000010 :
b101000011000010 J
0W
1"
#1306000
0L
#1307000
1D
0H
0S
#1308000
1M
#1309000
1[
#1310000
1D
0I
0N
1Q
1G
1X
0"
#1312000
1L
#1313000
0R
#1314000
0M
#1315000
b1010000110000101 :
b1010000110000101 J
0V
1"
#1316000
1I
1N
1H
1S
0\
#1318000
0L
#1319000
0Q
#1320000
1M
1W
0"
#1322000
0D
0I
0N
1R
#1323000
1D
1F
1]
#1324000
1L
#1325000
b100001100001011 :
b100001100001011 J
1D
0H
0S
0G
0X
1"
#1326000
0M
#1328000
0D
1I
1N
1Q
#1330000
0L
1V
0"
0[
#1331000
0R
#1332000
1M
#1334000
0I
0N
1H
1S
#1335000
b1000011000010110 :
b1000011000010110 J
0W
1"
#1336000
1L
#1337000
0Q
1\
#1338000
0M
#1340000
0D
1I
1N
1R
1G
1X
0"
#1342000
0L
#1343000
1D
0H
0S
#1344000
0D
1M
0F
0]
#1345000
1.
b110000101100 :
b110000101100 J
0V
1"
#1346000
1D
0I
0N
1Q
#1348000
1L
#1349000
0R
#1350000
0M
1W
0"
#1351000
1[
#1352000
1I
1N
1H
1S
#1354000
0L
#1355000
0.
b1100001011001 :
b1100001011001 J
b11 !
b11 A
0D
0Q
0G
0X
1"
#1356000
1M
#1358000
1D
0I
0N
1R
0\
#1360000
1L
1V
0"
#1361000
0D
0H
0S
#1362000
0M
#1364000
1D
1I
1N
1Q
#1365000
b11000010110010 :
b11000010110010 J
0D
0W
1"
1F
1]
#1366000
0L
#1367000
0R
#1368000
1M
#1370000
1D
0I
0N
1H
1S
1G
1X
0"
#1372000
1L
0[
#1373000
0Q
#1374000
0M
#1375000
b110000101100101 :
b110000101100101 J
0V
1"
#1376000
0D
1I
1N
1R
#1378000
0L
#1379000
1D
0H
0S
1\
#1380000
1M
1W
0"
#1382000
0D
0I
0N
1Q
#1384000
1L
#1385000
b1100001011001010 :
b1100001011001010 J
1D
0R
0G
0X
1"
#1386000
0D
0M
0F
0]
#1388000
1I
1N
1H
1S
#1390000
0L
1V
0"
#1391000
0Q
#1392000
1M
#1393000
1[
#1394000
1D
0I
0N
1R
#1395000
b1000010110010101 :
b1000010110010101 J
0W
1"
#1396000
1L
#1397000
0D
0H
0S
#1398000
0M
#1400000
0D
1I
1N
1Q
1G
1X
0"
0\
#1402000
0L
#1403000
0R
#1404000
1M
#1405000
1.
b101100101010 :
b101100101010 J
0V
1"
#1406000
0I
0N
1H
1S
#1407000
1D
1F
1]
#1408000
1L
#1409000
0Q
#1410000
0M
1W
0"
#1412000
0D
1I
1N
1R
#1414000
0L
0[
#1415000
0.
b1011001010100 :
b1011001010100 J
b1 !
b1 A
0D
0H
0S
0G
0X
1"
#1416000
1M
#1418000
1D
0I
0N
1Q
#1420000
1L
1V
0"
#1421000
0R
1\
#1422000
0M
#1424000
1I
1N
1H
1S
#1425000
b10110010101001 :
b10110010101001 J
0W
1"
#1426000
0L
#1427000
0Q
#1428000
0D
1M
0F
0]
#1430000
0D
0I
0N
1R
1G
1X
0"
#1432000
1L
#1433000
1D
0H
0S
#1434000
0M
#1435000
b101100101010011 :
b101100101010011 J
0V
1"
1[
#1436000
0D
1I
1N
1Q
#1438000
0L
#1439000
0R
#1440000
1M
1W
0"
#1442000
0I
0N
1H
1S
0\
#1444000
1L
#1445000
b1011001010100110 :
b1011001010100110 J
1D
0Q
0G
0X
1"
#1446000
0M
#1448000
0D
1I
1N
1R
#1449000
1D
1F
1]
#1450000
0L
1V
0"
#1451000
0D
0H
0S
#1452000
1M
#1454000
1D
0I
0N
1Q
#1455000
b110010101001101 :
b110010101001101 J
0W
1"
#1456000
1L
0[
#1457000
0R
#1458000
0M
#1460000
0D
1I
1N
1H
1S
1G
1X
0"
#1462000
0L
#1463000
0Q
1\
#1464000
1M
#1465000
b1100101010011010 :
b1100101010011010 J
0V
1"
#1466000
1D
0I
0N
1R
#1468000
1L
#1469000
0D
0H
0S
#1470000
1D
0M
1W
0"
0F
0]
#1472000
0D
1I
1N
1Q
#1474000
0L
#1475000
b1001010100110100 :
b1001010100110100 J
1D
0R
0G
0X
1"
#1476000
1M
#1477000
1[
#1478000
0I
0N
1H
1S
#1480000
1L
1V
0"
#1481000
0Q
#1482000
0M
#1484000
0D
1I
1N
1R
0\
#1485000
b10101001101000 :
b10101001101000 J
0W
1"
#1486000
0L
#1487000
1D
0H
0S
#1488000
1M
#1490000
1D
0I
0N
1Q
1G
1X
0"
#1491000
0D
1F
1]
#1492000
1L
#1493000
0R
#1494000
0M
#1495000
b101010011010000 :
b101010011010000 J
0V
1"
#1496000
1I
1N
1H
1S
#1498000
0L
0[
#1499000
0Q
#1500000
1M
1W
0"
#1502000
1D
0I
0N
1R
#1504000
1L
#1505000
b1010100110100001 :
b1010100110100001 J
1D
0H
0S
0G
0X
1"
1\
#1506000
0M
#1508000
0D
1I
1N
1Q
#1510000
0L
1V
0"
#1511000
0R
#1512000
1D
1M
0F
0]
#1514000
0I
0N
1H
1S
#1515000
b101001101000011 :
b101001101000011 J
0W
1"
#1516000
1L
#1517000
0Q
#1518000
0M
#1519000
1[
#1520000
1D
1I
1N
1R
1G
1X
0"
#1522000
0L
#1523000
0D
0H
0S
#1524000
1M
#1525000
b1010011010000110 :
b1010011010000110 J
0V
1"
#1526000
1D
0I
0N
1Q
0\
#1528000
1L
#1529000
0R
#1530000
0M
1W
0"
#1532000
1I
1N
1H
1S
#1533000
0D
1F
1]
#1534000
0L
#1535000
b100110100001100 :
b100110100001100 J
1D
0Q
0G
0X
1"
#1536000
1M
#1538000
0D
0I
0N
1R
#1540000
1L
1V
0"
0[
#1541000
1D
0H
0S
#1542000
0M
#1544000
0D
1I
1N
1Q
#1545000
b1001101000011000 :
b1001101000011000 J
0W
1"
#1546000
0L
#1547000
0R
1\
#1548000
1M
#1550000
1D
0I
0N
1H
1S
1G
1X
0"
#1552000
1L
#1553000
0Q
#1554000
0D
0M
0F
0]
#1555000
b11010000110000 :
b11010000110000 J
0V
1"
#1556000
1D
1I
1N
1R
#1558000
0L
#1559000
0D
0H
0S
#1560000
1M
1W
0"
#1561000
1[
#1562000
1D
0I
0N
1Q
#1564000
1L
#1565000
b110100001100001 :
b110100001100001 J
0D
0R
0G
0X
1"
#1566000
0M
#1568000
1I
1N
1H
1S
0\
#1570000
0L
1V
0"
#1571000
0Q
#1572000
1M
#1574000
1D
0I
0N
1R
#1575000
b1101000011000010 :
b1101000011000010 J
0D
0W
1"
1F
1]
#1576000
1L
#1577000
1D
0H
0S
#1578000
0M
#1580000
1D
1I
1N
1Q
1G
1X
0"
#1582000
0L
0[
#1583000
0R
#1584000
1M
#1585000
b1010000110000101 :
b1010000110000101 J
0V
1"
#1586000
0I
0N
1H
1S
#1588000
1L
#1589000
0Q
1\
#1590000
0M
1W
0"
#1592000
0D
1I
1N
1R
#1594000
0L
#1595000
b100001100001010 :
b100001100001010 J
0D
0H
0S
0G
0X
1"
#1596000
1D
1M
0F
0]
#1598000
0D
0I
0N
1Q
#1600000
1L
1V
0"
#1601000
0R
#1602000
0M
#1603000
1[
#1604000
1I
1N
1H
1S
#1605000
b1000011000010100 :
b1000011000010100 J
0W
1"
#1606000
0L
#1607000
0Q
#1608000
1M
#1610000
0D
0I
0N
1R
1G
1X
0"
0\
#1612000
1L
#1613000
1D
0H
0S
#1614000
0M
#1615000
1.
b110000101001 :
b110000101001 J
0V
1"
#1616000
0D
1I
1N
1Q
#1617000
1D
1F
1]
#1618000
0L
#1619000
0R
#1620000
1M
1W
0"
#1622000
0I
0N
1H
1S
#1624000
1L
0[
#1625000
0.
b1100001010011 :
b1100001010011 J
b11 !
b11 A
0D
0Q
0G
0X
1"
#1626000
0M
#1628000
1D
1I
1N
1R
#1630000
0L
1V
0"
#1631000
0D
0H
0S
1\
#1632000
1M
#1634000
1D
0I
0N
1Q
#1635000
b11000010100111 :
b11000010100111 J
0W
1"
#1636000
1L
#1637000
0R
#1638000
0D
0M
0F
0]
#1640000
1D
1I
1N
1H
1S
1G
1X
0"
#1642000
0L
#1643000
0Q
#1644000
1M
#1645000
b110000101001111 :
b110000101001111 J
0V
1"
1[
#1646000
0D
0I
0N
1R
#1648000
1L
#1649000
1D
0H
0S
#1650000
0M
1W
0"
#1652000
0D
1I
1N
1Q
0\
#1654000
0L
#1655000
b1100001010011110 :
b1100001010011110 J
1D
0R
0G
0X
1"
#1656000
1M
#1658000
0I
0N
1H
1S
#1659000
0D
1F
1]
#1660000
1L
1V
0"
#1661000
0Q
#1662000
0M
#1664000
1D
1I
1N
1R
#1665000
b1000010100111101 :
b1000010100111101 J
0W
1"
#1666000
0L
0[
#1667000
0D
0H
0S
#1668000
1M
#1670000
0D
0I
0N
1Q
1G
1X
0"
#1672000
1L
#1673000
0R
1\
#1674000
0M
#1675000
1.
b101001111010 :
b101001111010 J
0V
1"
#1676000
1I
1N
1H
1S
#1678000
0L
#1679000
0Q
#1680000
1D
1M
1W
0"
0F
0]
#1682000
0D
0I
0N
1R
#1684000
1L
#1685000
0.
b1010011110100 :
b1010011110100 J
b1 !
b1 A
0D
0H
0S
0G
0X
1"
#1686000
0M
#1687000
1[
#1688000
1D
1I
1N
1Q
#1690000
0L
1V
0"
#1691000
0R
#1692000
1M
#1694000
0I
0N
1H
1S
0\
#1695000
b10100111101001 :
b10100111101001 J
0W
1"
#1696000
1L
#1697000
0Q
#1698000
0M
#1700000
1D
1I
1N
1R
1G
1X
0"
#1701000
0D
1F
1]
#1702000
0L
#1703000
1D
0H
0S
#1704000
1M
#1705000
b101001111010011 :
b101001111010011 J
0V
1"
#1706000
0D
0I
0N
1Q
#1708000
1L
0[
#1709000
0R
#1710000
0M
1W
0"
#1712000
1I
1N
1H
1S
#1714000
0L
#1715000
b1010011110100110 :
b1010011110100110 J
1D
0Q
0G
0X
1"
1\
#1716000
1M
#1718000
0D
0I
0N
1R
#1720000
1L
1V
0"
#1721000
1D
0H
0S
#1722000
0D
0M
0F
0]
#1724000
1D
1I
1N
1Q
#1725000
b100111101001101 :
b100111101001101 J
0W
1"
#1726000
0L
#1727000
0R
#1728000
1M
#1729000
1[
#1730000
0D
0I
0N
1H
1S
1G
1X
0"
#1732000
1L
#1733000
0Q
#1734000
0M
#1735000
b1001111010011010 :
b1001111010011010 J
0V
1"
#1736000
1D
1I
1N
1R
0\
#1738000
0L
#1739000
0D
0H
0S
#1740000
1M
1W
0"
#1742000
1D
0I
0N
1Q
#1743000
0D
1F
1]
#1744000
1L
#1745000
b11110100110100 :
b11110100110100 J
1D
0R
0G
0X
1"
#1746000
0M
#1748000
1I
1N
1H
1S
#1750000
0L
1V
0"
0[
#1751000
0Q
#1752000
1M
#1754000
0D
0I
0N
1R
#1755000
b111101001101000 :
b111101001101000 J
0W
1"
#1756000
1L
#1757000
1D
0H
0S
1\
#1758000
0M
#1760000
1D
1I
1N
1Q
1G
1X
0"
#1762000
0L
#1763000
0R
#1764000
0D
1M
0F
0]
#1765000
b1111010011010000 :
b1111010011010000 J
0V
1"
#1766000
0I
0N
1H
1S
#1768000
1L
#1769000
0Q
#1770000
0M
1W
0"
#1771000
1[
#1772000
1D
1I
1N
1R
#1774000
0L
#1775000
b1110100110100001 :
b1110100110100001 J
1D
0H
0S
0G
0X
1"
#1776000
1M
#1778000
0D
0I
0N
1Q
0\
#1780000
1L
1V
0"
#1781000
0R
#1782000
0M
#1784000
1I
1N
1H
1S
#1785000
b1101001101000011 :
b1101001101000011 J
1D
0W
1"
1F
1]
#1786000
0L
#1787000
0Q
#1788000
1M
#1790000
1D
0I
0N
1R
1G
1X
0"
#1792000
1L
0[
#1793000
0D
0H
0S
#1794000
0M
#1795000
b1010011010000110 :
b1010011010000110 J
0V
1"
#1796000
1D
1I
1N
1Q
#1798000
0L
#1799000
0R
1\
#1800000
1M
1W
0"
#1802000
0I
0N
1H
1S
#1804000
1L
#1805000
b100110100001101 :
b100110100001101 J
0D
0Q
0G
0X
1"
#1806000
1D
0M
0F
0]
#1808000
0D
1I
1N
1R
#1810000
0L
1V
0"
#1811000
1D
0H
0S
#1812000
1M
#1813000
1[
#1814000
0D
0I
0N
1Q
#1815000
b1001101000011010 :
b1001101000011010 J
0W
1"
#1816000
1L
#1817000
0R
#1818000
0M
#1820000
1D
1I
1N
1H
1S
1G
1X
0"
0\
#1822000
0L
#1823000
0Q
#1824000
1M
#1825000
b11010000110101 :
b11010000110101 J
0V
1"
#1826000
0D
0I
0N
1R
#1827000
1D
1F
1]
#1828000
1L
#1829000
0D
0H
0S
#1830000
0M
1W
0"
#1832000
1D
1I
1N
1Q
#1834000
0L
0[
#1835000
b110100001101011 :
b110100001101011 J
0D
0R
0G
0X
1"
#1836000
1M
#1838000
0I
0N
1H
1S
#1840000
1L
1V
0"
#1841000
0Q
1\
#1842000
0M
#1844000
1D
1I
1N
1R
#1845000
b1101000011010111 :
b1101000011010111 J
0W
1"
#1846000
0L
#1847000
0D
0H
0S
#1848000
1D
1M
0F
0]
#1850000
1D
0I
0N
1Q
1G
1X
0"
#1852000
1L
#1853000
0R
#1854000
0M
#1855000
b1010000110101111 :
b1010000110101111 J
0V
1"
1[
#1856000
1I
1N
1H
1S
#1858000
0L
#1859000
0Q
#1860000
1M
1W
0"
#1862000
0D
0I
0N
1R
0\
#1864000
1L
#1865000
b100001101011110 :
b100001101011110 J
0D
0H
0S
0G
0X
1"
#1866000
0M
#1868000
1D
1I
1N
1Q
#1869000
0D
1F
1]
#1870000
0L
1V
0"
#1871000
0R
#1872000
1M
#1874000
0I
0N
1H
1S
#1875000
b1000011010111100 :
b1000011010111100 J
0W
1"
#1876000
1L
0[
#1877000
0Q
#1878000
0M
#1880000
0D
1I
1N
1R
1G
1X
0"
#1882000
0L
#1883000
1D
0H
0S
1\
#1884000
1M
#1885000
1.
b110101111001 :
b110101111001 J
0V
1"
#1886000
0D
0I
0N
1Q
#1888000
1L
#1889000
0R
#1890000
1D
0M
1W
0"
0F
0]
#1892000
1I
1N
1H
1S
#1894000
0L
#1895000
0.
b1101011110011 :
b1101011110011 J
b11 !
b11 A
0D
0Q
0G
0X
1"
#1896000
1M
#1897000
1[
#1898000
1D
0I
0N
1R
#1900000
1L
1V
0"
#1901000
0D
0H
0S
#1902000
0M
#1904000
1D
1I
1N
1Q
0\
#1905000
b11010111100111 :
b11010111100111 J
0W
1"
#1906000
0L
#1907000
0R
#1908000
1M
#1910000
0D
0I
0N
1H
1S
1G
1X
0"
#1911000
1D
1F
1]
#1912000
1L
#1913000
0Q
#1914000
0M
#1915000
b110101111001111 :
b110101111001111 J
0V
1"
#1916000
0D
1I
1N
1R
#1918000
0L
0[
#1919000
1D
0H
0S
#1920000
1M
1W
0"
#1922000
0D
0I
0N
1Q
#1924000
1L
#1925000
b1101011110011110 :
b1101011110011110 J
1D
0R
0G
0X
1"
1\
#1926000
0M
#1928000
1I
1N
1H
1S
#1930000
0L
1V
0"
#1931000
0Q
#1932000
0D
1M
0F
0]
#1934000
1D
0I
0N
1R
#1935000
b1010111100111101 :
b1010111100111101 J
0W
1"
#1936000
1L
#1937000
0D
0H
0S
#1938000
0M
#1939000
1[
#1940000
0D
1I
1N
1Q
1G
1X
0"
#1942000
0L
#1943000
0R
#1944000
1M
#1945000
b101111001111010 :
b101111001111010 J
0V
1"
#1946000
0I
0N
1H
1S
0\
#1948000
1L
#1949000
0Q
#1950000
0M
1W
0"
#1952000
1D
1I
1N
1R
#1953000
0D
1F
1]
#1954000
0L
#1955000
b1011110011110100 :
b1011110011110100 J
0D
0H
0S
0G
0X
1"
#1956000
1M
#1958000
1D
0I
0N
1Q
#1960000
1L
1V
0"
0[
#1961000
0R
#1962000
0M
#1964000
1I
1N
1H
1S
#1965000
b111100111101001 :
b111100111101001 J
0W
1"
#1966000
0L
#1967000
0Q
1\
#1968000
1M
#1970000
1D
0I
0N
1R
1G
1X
0"
#1972000
1L
#1973000
0D
0H
0S
#1974000
1D
0M
0F
0]
#1975000
b1111001111010011 :
b1111001111010011 J
0V
1"
#1976000
0D
1I
1N
1Q
#1978000
0L
#1979000
0R
#1980000
1M
1W
0"
#1981000
1[
#1982000
0I
0N
1H
1S
#1984000
1L
#1985000
b1110011110100110 :
b1110011110100110 J
1D
0Q
0G
0X
1"
#1986000
0M
#1988000
0D
1I
1N
1R
0\
#1990000
0L
1V
0"
#1991000
1D
0H
0S
#1992000
1M
#1994000
0D
0I
0N
1Q
#1995000
b1100111101001101 :
b1100111101001101 J
1D
0W
1"
1F
1]
#1996000
1L
#1997000
0R
#1998000
0M
#2000000
0D
1I
1N
1H
1S
1G
1X
0"
#2002000
0L
0[
#2003000
0Q
#2004000
1M
#2005000
b1001111010011010 :
b1001111010011010 J
0V
1"
#2006000
1D
0I
0N
1R
#2008000
1L
#2009000
0D
0H
0S
1\
#2010000
0M
1W
0"
#2012000
1D
1I
1N
1Q
#2014000
0L
#2015000
b11110100110101 :
b11110100110101 J
0D
0R
0G
0X
1"
#2016000
1D
1M
0F
0]
#2018000
0I
0N
1H
1S
#2020000
1L
1V
0"
#2021000
0Q
#2022000
0M
#2023000
1[
#2024000
0D
1I
1N
1R
#2025000
b111101001101010 :
b111101001101010 J
0W
1"
#2026000
0L
#2027000
1D
0H
0S
#2028000
1M
#2030000
1D
0I
0N
1Q
1G
1X
0"
0\
#2032000
1L
#2033000
0R
#2034000
0M
#2035000
b1111010011010101 :
b1111010011010101 J
0V
1"
#2036000
1I
1N
1H
1S
#2037000
0D
1F
1]
#2038000
0L
#2039000
0Q
#2040000
1M
1W
0"
#2042000
1D
0I
0N
1R
#2044000
1L
0[
#2045000
b1110100110101011 :
b1110100110101011 J
1D
0H
0S
0G
0X
1"
#2046000
0M
#2048000
0D
1I
1N
1Q
#2050000
0L
1V
0"
#2051000
0R
1\
#2052000
1M
#2054000
0I
0N
1H
1S
#2055000
b1101001101010110 :
b1101001101010110 J
0W
1"
#2056000
1L
#2057000
0Q
#2058000
1D
0M
0F
0]
#2060000
1D
1I
1N
1R
1G
1X
0"
#2062000
0L
#2063000
0D
0H
0S
#2064000
1M
#2065000
b1010011010101100 :
b1010011010101100 J
0V
1"
1[
#2066000
1D
0I
0N
1Q
#2068000
1L
#2069000
0R
#2070000
0M
1W
0"
#2072000
1I
1N
1H
1S
0\
#2074000
0L
#2075000
b100110101011001 :
b100110101011001 J
0D
0Q
0G
0X
1"
#2076000
1M
#2078000
1D
0I
0N
1R
#2079000
0D
1F
1]
#2080000
1L
1V
0"
#2081000
1D
0H
0S
#2082000
0M
#2084000
0D
1I
1N
1Q
#2085000
b1001101010110010 :
b1001101010110010 J
0W
1"
#2086000
0L
0[
#2087000
0R
#2088000
1M
#2090000
1D
0I
0N
1H
1S
1G
1X
0"
#2092000
1L
#2093000
0Q
1\
#2094000
0M
#2095000
b11010101100101 :
b11010101100101 J
0V
1"
#2096000
0D
1I
1N
1R
#2098000
0L
#2099000
1D
0H
0S
#2100000
0D
1M
1W
0"
0F
0]
#2102000
1D
0I
0N
1Q
#2104000
1L
#2105000
b110101011001011 :
b110101011001011 J
0D
0R
0G
0X
1"
#2106000
0M
#2107000
1[
#2108000
1I
1N
1H
1S
#2110000
0L
1V
0"
#2111000
0Q
#2112000
1M
#2114000
1D
0I
0N
1R
0\
#2115000
b1101010110010111 :
b1101010110010111 J
0W
1"
#2116000
1L
#2117000
0D
0H
0S
#2118000
0M
#2120000
0D
1I
1N
1Q
1G
1X
0"
#2121000
1D
1F
1]
#2122000
0L
#2123000
0R
#2124000
1M
#2125000
b1010101100101111 :
b1010101100101111 J
0V
1"
#2126000
0I
0N
1H
1S
#2128000
1L
0[
#2129000
0Q
#2130000
0M
1W
0"
#2132000
0D
1I
1N
1R
#2134000
0L
#2135000
b101011001011110 :
b101011001011110 J
0D
0H
0S
0G
0X
1"
1\
#2136000
1M
#2138000
1D
0I
0N
1Q
#2140000
1L
1V
0"
#2141000
0R
#2142000
0D
0M
0F
0]
#2144000
1I
1N
1H
1S
#2145000
b1010110010111100 :
b1010110010111100 J
0W
1"
#2146000
0L
#2147000
0Q
#2148000
1M
#2149000
1[
#2150000
0D
0I
0N
1R
1G
1X
0"
#2152000
1L
#2153000
1D
0H
0S
#2154000
0M
#2155000
b101100101111001 :
b101100101111001 J
0V
1"
#2156000
0D
1I
1N
1Q
0\
#2158000
0L
#2159000
0R
#2160000
1M
1W
0"
#2162000
0I
0N
1H
1S
#2163000
1D
1F
1]
#2164000
1L
#2165000
b1011001011110011 :
b1011001011110011 J
0D
0Q
0G
0X
1"
#2166000
0M
#2168000
1D
1I
1N
1R
#2170000
0L
1V
0"
0[
#2171000
0D
0H
0S
#2172000
1M
#2174000
1D
0I
0N
1Q
#2175000
b110010111100111 :
b110010111100111 J
0W
1"
#2176000
1L
#2177000
0R
1\
#2178000
0M
#2180000
0D
1I
1N
1H
1S
1G
1X
0"
#2182000
0L
#2183000
0Q
#2184000
1D
1M
0F
0]
#2185000
b1100101111001111 :
b1100101111001111 J
0V
1"
#2186000
0D
0I
0N
1R
#2188000
1L
#2189000
1D
0H
0S
#2190000
0M
1W
0"
#2191000
1[
#2192000
0D
1I
1N
1Q
#2194000
0L
#2195000
b1001011110011110 :
b1001011110011110 J
1D
0R
0G
0X
1"
#2196000
1M
#2198000
0I
0N
1H
1S
0\
#2200000
1L
1V
0"
#2201000
0Q
#2202000
0M
#2204000
0D
1I
1N
1R
#2205000
b10111100111101 :
b10111100111101 J
1D
0W
1"
1F
1]
#2206000
0L
#2207000
0D
0H
0S
#2208000
1M
#2210000
0D
0I
0N
1Q
1G
1X
0"
#2212000
1L
0[
#2213000
0R
#2214000
0M
#2215000
b101111001111010 :
b101111001111010 J
0V
1"
#2216000
1I
1N
1H
1S
#2218000
0L
#2219000
0Q
1\
#2220000
1M
1W
0"
#2222000
1D
0I
0N
1R
#2224000
1L
#2225000
b1011110011110101 :
b1011110011110101 J
1D
0H
0S
0G
0X
1"
#2226000
0D
0M
0F
0]
#2228000
1D
1I
1N
1Q
#2230000
0L
1V
0"
#2231000
0R
#2232000
1M
#2233000
1[
#2234000
0I
0N
1H
1S
#2235000
b111100111101011 :
b111100111101011 J
0W
1"
#2236000
1L
#2237000
0Q
#2238000
0M
#2240000
1D
1I
1N
1R
1G
1X
0"
0\
#2242000
0L
#2243000
0D
0H
0S
#2244000
1M
#2245000
b1111001111010110 :
b1111001111010110 J
0V
1"
#2246000
1D
0I
0N
1Q
#2247000
0D
1F
1]
#2248000
1L
#2249000
0R
#2250000
0M
1W
0"
#2252000
1I
1N
1H
1S
#2254000
0L
0[
#2255000
b1110011110101100 :
b1110011110101100 J
1D
0Q
0G
0X
1"
#2256000
1M
#2258000
0D
0I
0N
1R
#2260000
1L
1V
0"
#2261000
1D
0H
0S
1\
#2262000
0M
#2264000
0D
1I
1N
1Q
#2265000
b1100111101011000 :
b1100111101011000 J
0W
1"
#2266000
0L
#2267000
0R
#2268000
1D
1M
0F
0]
#2270000
0D
0I
0N
1H
1S
1G
1X
0"
#2272000
1L
#2273000
0Q
#2274000
0M
#2275000
b1001111010110000 :
b1001111010110000 J
0V
1"
1[
#2276000
1D
1I
1N
1R
#2278000
0L
#2279000
0D
0H
0S
#2280000
1M
1W
0"
#2282000
1D
0I
0N
1Q
0\
#2284000
1L
#2285000
b11110101100001 :
b11110101100001 J
0D
0R
0G
0X
1"
#2286000
0M
#2288000
1I
1N
1H
1S
#2289000
1D
1F
1]
#2290000
0L
1V
0"
#2291000
0Q
#2292000
1M
#2294000
0D
0I
0N
1R
#2295000
b111101011000010 :
b111101011000010 J
0W
1"
#2296000
1L
0[
#2297000
1D
0H
0S
#2298000
0M
#2300000
1D
1I
1N
1Q
1G
1X
0"
#2302000
0L
#2303000
0R
1\
#2304000
1M
#2305000
b1111010110000101 :
b1111010110000101 J
0V
1"
#2306000
0I
0N
1H
1S
#2308000
1L
#2309000
0Q
#2310000
0D
0M
1W
0"
0F
0]
#2312000
1D
1I
1N
1R
#2314000
0L
#2315000
b1110101100001011 :
b1110101100001011 J
1D
0H
0S
0G
0X
1"
#2316000
1M
#2317000
1[
#2318000
0D
0I
0N
1Q
#2320000
1L
1V
0"
#2321000
0R
#2322000
0M
#2324000
1I
1N
1H
1S
0\
#2325000
b1101011000010110 :
b1101011000010110 J
0W
1"
#2326000
0L
#2327000
0Q
#2328000
1M
#2330000
0D
0I
0N
1R
1G
1X
0"
#2331000
1D
1F
1]
#2332000
1L
#2333000
0D
0H
0S
#2334000
0M
#2335000
b1010110000101100 :
b1010110000101100 J
0V
1"
#2336000
1D
1I
1N
1Q
#2338000
0L
0[
#2339000
0R
#2340000
1M
1W
0"
#2342000
0I
0N
1H
1S
#2344000
1L
#2345000
b101100001011001 :
b101100001011001 J
0D
0Q
0G
0X
1"
1\
#2346000
0M
#2348000
1D
1I
1N
1R
#2350000
0L
1V
0"
#2351000
0D
0H
0S
#2352000
1D
1M
0F
0]
#2354000
0D
0I
0N
1Q
#2355000
b1011000010110010 :
b1011000010110010 J
0W
1"
#2356000
1L
#2357000
0R
#2358000
0M
#2359000
1[
#2360000
1D
1I
1N
1H
1S
1G
1X
0"
#2362000
0L
#2363000
0Q
#2364000
1M
#2365000
b110000101100101 :
b110000101100101 J
0V
1"
#2366000
0D
0I
0N
1R
0\
#2368000
1L
#2369000
1D
0H
0S
#2370000
0M
1W
0"
#2372000
0D
1I
1N
1Q
#2373000
1D
1F
1]
#2374000
0L
#2375000
b1100001011001011 :
b1100001011001011 J
0D
0R
0G
0X
1"
#2376000
1M
#2378000
0I
0N
1H
1S
#2380000
1L
1V
0"
0[
#2381000
0Q
#2382000
0M
#2384000
1D
1I
1N
1R
#2385000
b1000010110010111 :
b1000010110010111 J
0W
1"
#2386000
0L
#2387000
0D
0H
0S
1\
#2388000
1M
#2390000
0D
0I
0N
1Q
1G
1X
0"
#2392000
1L
#2393000
0R
#2394000
1D
0M
0F
0]
#2395000
1.
b101100101111 :
b101100101111 J
0V
1"
#2396000
1I
1N
1H
1S
#2398000
0L
#2399000
0Q
#2400000
1M
1W
0"
#2401000
1[
#2402000
0D
0I
0N
1R
#2404000
1L
#2405000
0.
b1011001011110 :
b1011001011110 J
b1 !
b1 A
0D
0H
0S
0G
0X
1"
#2406000
0M
#2408000
1D
1I
1N
1Q
0\
#2410000
0L
1V
0"
#2411000
0R
#2412000
1M
#2414000
0I
0N
1H
1S
#2415000
b10110010111100 :
b10110010111100 J
0D
0W
1"
1F
1]
#2416000
1L
#2417000
0Q
#2418000
0M
#2420000
0D
1I
1N
1R
1G
1X
0"
#2422000
0L
0[
#2423000
1D
0H
0S
#2424000
1M
#2425000
b101100101111001 :
b101100101111001 J
0V
1"
#2426000
0D
0I
0N
1Q
#2428000
1L
#2429000
0R
1\
#2430000
0M
1W
0"
#2432000
1I
1N
1H
1S
#2434000
0L
#2435000
b1011001011110010 :
b1011001011110010 J
1D
0Q
0G
0X
1"
#2436000
0D
1M
0F
0]
#2438000
1D
0I
0N
1R
#2440000
1L
1V
0"
#2441000
0D
0H
0S
#2442000
0M
#2443000
1[
#2444000
1D
1I
1N
1Q
#2445000
b110010111100101 :
b110010111100101 J
0W
1"
#2446000
0L
#2447000
0R
#2448000
1M
#2450000
0D
0I
0N
1H
1S
1G
1X
0"
0\
#2452000
1L
#2453000
0Q
#2454000
0M
#2455000
b1100101111001010 :
b1100101111001010 J
0V
1"
#2456000
1D
1I
1N
1R
#2457000
0D
1F
1]
#2458000
0L
#2459000
1D
0H
0S
#2460000
1M
1W
0"
#2462000
0D
0I
0N
1Q
#2464000
1L
0[
#2465000
b1001011110010100 :
b1001011110010100 J
1D
0R
0G
0X
1"
#2466000
0M
#2468000
1I
1N
1H
1S
#2470000
0L
1V
0"
#2471000
0Q
1\
#2472000
1M
#2474000
0D
0I
0N
1R
#2475000
b10111100101000 :
b10111100101000 J
0W
1"
#2476000
1L
#2477000
1D
0H
0S
#2478000
0D
0M
0F
0]
#2480000
0D
1I
1N
1Q
1G
1X
0"
#2482000
0L
#2483000
0R
#2484000
1M
#2485000
b101111001010000 :
b101111001010000 J
0V
1"
1[
#2486000
0I
0N
1H
1S
#2488000
1L
#2489000
0Q
#2490000
0M
1W
0"
#2492000
1D
1I
1N
1R
0\
#2494000
0L
#2495000
b1011110010100001 :
b1011110010100001 J
1D
0H
0S
0G
0X
1"
#2496000
1M
#2498000
0D
0I
0N
1Q
#2499000
1D
1F
1]
#2500000
1L
1V
0"
#2501000
0R
#2502000
0M
#2504000
1I
1N
1H
1S
#2505000
b111100101000011 :
b111100101000011 J
0W
1"
#2506000
0L
0[
#2507000
0Q
#2508000
1M
#2510000
1D
0I
0N
1R
1G
1X
0"
#2512000
1L
#2513000
0D
0H
0S
1\
#2514000
0M
#2515000
b1111001010000110 :
b1111001010000110 J
0V
1"
#2516000
1D
1I
1N
1Q
#2518000
0L
#2519000
0R
#2520000
0D
1M
1W
0"
0F
0]
#2522000
0I
0N
1H
1S
#2524000
1L
#2525000
b1110010100001100 :
b1110010100001100 J
1D
0Q
0G
0X
1"
#2526000
0M
#2527000
1[
#2528000
0D
1I
1N
1R
#2530000
0L
1V
0"
#2531000
1D
0H
0S
#2532000
1M
#2534000
0D
0I
0N
1Q
0\
#2535000
b1100101000011000 :
b1100101000011000 J
0W
1"
#2536000
1L
#2537000
0R
#2538000
0M
#2540000
1D
1I
1N
1H
1S
1G
1X
0"
#2541000
0D
1F
1]
#2542000
0L
#2543000
0Q
#2544000
1M
#2545000
b1001010000110000 :
b1001010000110000 J
0V
1"
#2546000
1D
0I
0N
1R
#2548000
1L
0[
#2549000
0D
0H
0S
#2550000
0M
1W
0"
#2552000
1D
1I
1N
1Q
#2554000
0L
#2555000
b10100001100001 :
b10100001100001 J
0D
0R
0G
0X
1"
1\
#2556000
1M
#2558000
0I
0N
1H
1S
#2560000
1L
1V
0"
#2561000
0Q
#2562000
1D
0M
0F
0]
#2564000
0D
1I
1N
1R
#2565000
b101000011000010 :
b101000011000010 J
0W
1"
#2566000
0L
#2567000
1D
0H
0S
#2568000
1M
#2569000
1[
#2570000
1D
0I
0N
1Q
1G
1X
0"
#2572000
1L
#2573000
0R
#2574000
0M
#2575000
b1010000110000101 :
b1010000110000101 J
0V
1"
#2576000
1I
1N
1H
1S
0\
#2578000
0L
#2579000
0Q
#2580000
1M
1W
0"
#2582000
0D
0I
0N
1R
#2583000
1D
1F
1]
#2584000
1L
#2585000
b100001100001011 :
b100001100001011 J
1D
0H
0S
0G
0X
1"
#2586000
0M
#2588000
0D
1I
1N
1Q
#2590000
0L
1V
0"
0[
#2591000
0R
#2592000
1M
#2594000
0I
0N
1H
1S
#2595000
b1000011000010110 :
b1000011000010110 J
0W
1"
#2596000
1L
#2597000
0Q
1\
#2598000
0M
#2600000
0D
1I
1N
1R
1G
1X
0"
#2602000
0L
#2603000
1D
0H
0S
#2604000
0D
1M
0F
0]
#2605000
1.
b110000101100 :
b110000101100 J
0V
1"
#2606000
1D
0I
0N
1Q
#2608000
1L
#2609000
0R
#2610000
0M
1W
0"
#2611000
1[
#2612000
1I
1N
1H
1S
#2614000
0L
#2615000
0.
b1100001011001 :
b1100001011001 J
b11 !
b11 A
0D
0Q
0G
0X
1"
#2616000
1M
#2618000
1D
0I
0N
1R
0\
#2620000
1L
1V
0"
#2621000
0D
0H
0S
#2622000
0M
#2624000
1D
1I
1N
1Q
#2625000
b11000010110010 :
b11000010110010 J
0D
0W
1"
1F
1]
#2626000
0L
#2627000
0R
#2628000
1M
#2630000
1D
0I
0N
1H
1S
1G
1X
0"
#2632000
1L
0[
#2633000
0Q
#2634000
0M
#2635000
b110000101100101 :
b110000101100101 J
0V
1"
#2636000
0D
1I
1N
1R
#2638000
0L
#2639000
1D
0H
0S
1\
#2640000
1M
1W
0"
#2642000
0D
0I
0N
1Q
#2644000
1L
#2645000
b1100001011001010 :
b1100001011001010 J
1D
0R
0G
0X
1"
#2646000
0D
0M
0F
0]
#2648000
1I
1N
1H
1S
#2650000
0L
1V
0"
#2651000
0Q
#2652000
1M
#2653000
1[
#2654000
1D
0I
0N
1R
#2655000
b1000010110010101 :
b1000010110010101 J
0W
1"
#2656000
1L
#2657000
0D
0H
0S
#2658000
0M
#2660000
0D
1I
1N
1Q
1G
1X
0"
0\
#2662000
0L
#2663000
0R
#2664000
1M
#2665000
1.
b101100101010 :
b101100101010 J
0V
1"
#2666000
0I
0N
1H
1S
#2667000
1D
1F
1]
#2668000
1L
#2669000
0Q
#2670000
0M
1W
0"
#2672000
0D
1I
1N
1R
#2674000
0L
0[
#2675000
0.
b1011001010100 :
b1011001010100 J
b1 !
b1 A
0D
0H
0S
0G
0X
1"
#2676000
1M
#2678000
1D
0I
0N
1Q
#2680000
1L
1V
0"
#2681000
0R
1\
#2682000
0M
#2684000
1I
1N
1H
1S
#2685000
b10110010101001 :
b10110010101001 J
0W
1"
#2686000
0L
#2687000
0Q
#2688000
0D
1M
0F
0]
#2690000
0D
0I
0N
1R
1G
1X
0"
#2692000
1L
#2693000
1D
0H
0S
#2694000
0M
#2695000
b101100101010011 :
b101100101010011 J
0V
1"
1[
#2696000
0D
1I
1N
1Q
#2698000
0L
#2699000
0R
#2700000
1M
1W
0"
#2702000
0I
0N
1H
1S
0\
#2704000
1L
#2705000
b1011001010100110 :
b1011001010100110 J
1D
0Q
0G
0X
1"
#2706000
0M
#2708000
0D
1I
1N
1R
#2709000
1D
1F
1]
#2710000
0L
1V
0"
#2711000
0D
0H
0S
#2712000
1M
#2714000
1D
0I
0N
1Q
#2715000
b110010101001101 :
b110010101001101 J
0W
1"
#2716000
1L
0[
#2717000
0R
#2718000
0M
#2720000
0D
1I
1N
1H
1S
1G
1X
0"
#2722000
0L
#2723000
0Q
1\
#2724000
1M
#2725000
b1100101010011010 :
b1100101010011010 J
0V
1"
#2726000
1D
0I
0N
1R
#2728000
1L
#2729000
0D
0H
0S
#2730000
1D
0M
1W
0"
0F
0]
#2732000
0D
1I
1N
1Q
#2734000
0L
#2735000
b1001010100110100 :
b1001010100110100 J
1D
0R
0G
0X
1"
#2736000
1M
#2737000
1[
#2738000
0I
0N
1H
1S
#2740000
1L
1V
0"
#2741000
0Q
#2742000
0M
#2744000
0D
1I
1N
1R
0\
#2745000
b10101001101000 :
b10101001101000 J
0W
1"
#2746000
0L
#2747000
1D
0H
0S
#2748000
1M
#2750000
1D
0I
0N
1Q
1G
1X
0"
#2751000
0D
1F
1]
#2752000
1L
#2753000
0R
#2754000
0M
#2755000
b101010011010000 :
b101010011010000 J
0V
1"
#2756000
1I
1N
1H
1S
#2758000
0L
0[
#2759000
0Q
#2760000
1M
1W
0"
#2762000
1D
0I
0N
1R
#2764000
1L
#2765000
b1010100110100001 :
b1010100110100001 J
1D
0H
0S
0G
0X
1"
1\
#2766000
0M
#2768000
0D
1I
1N
1Q
#2770000
0L
1V
0"
#2771000
0R
#2772000
1D
1M
0F
0]
#2774000
0I
0N
1H
1S
#2775000
b101001101000011 :
b101001101000011 J
0W
1"
#2776000
1L
#2777000
0Q
#2778000
0M
#2779000
1[
#2780000
1D
1I
1N
1R
1G
1X
0"
#2782000
0L
#2783000
0D
0H
0S
#2784000
1M
#2785000
b1010011010000110 :
b1010011010000110 J
0V
1"
#2786000
1D
0I
0N
1Q
0\
#2788000
1L
#2789000
0R
#2790000
0M
1W
0"
#2792000
1I
1N
1H
1S
#2793000
0D
1F
1]
#2794000
0L
#2795000
b100110100001100 :
b100110100001100 J
1D
0Q
0G
0X
1"
#2796000
1M
#2798000
0D
0I
0N
1R
#2800000
1L
1V
0"
0[
#2801000
1D
0H
0S
#2802000
0M
#2804000
0D
1I
1N
1Q
#2805000
b1001101000011000 :
b1001101000011000 J
0W
1"
#2806000
0L
#2807000
0R
1\
#2808000
1M
#2810000
1D
0I
0N
1H
1S
1G
1X
0"
#2812000
1L
#2813000
0Q
#2814000
0D
0M
0F
0]
#2815000
b11010000110000 :
b11010000110000 J
0V
1"
#2816000
1D
1I
1N
1R
#2818000
0L
#2819000
0D
0H
0S
#2820000
1M
1W
0"
#2821000
1[
#2822000
1D
0I
0N
1Q
#2824000
1L
#2825000
b110100001100001 :
b110100001100001 J
0D
0R
0G
0X
1"
#2826000
0M
#2828000
1I
1N
1H
1S
0\
#2830000
0L
1V
0"
#2831000
0Q
#2832000
1M
#2834000
1D
0I
0N
1R
#2835000
b1101000011000010 :
b1101000011000010 J
0D
0W
1"
1F
1]
#2836000
1L
#2837000
1D
0H
0S
#2838000
0M
#2840000
1D
1I
1N
1Q
1G
1X
0"
#2842000
0L
0[
#2843000
0R
#2844000
1M
#2845000
b1010000110000101 :
b1010000110000101 J
0V
1"
#2846000
0I
0N
1H
1S
#2848000
1L
#2849000
0Q
1\
#2850000
0M
1W
0"
#2852000
0D
1I
1N
1R
#2854000
0L
#2855000
b100001100001010 :
b100001100001010 J
0D
0H
0S
0G
0X
1"
#2856000
1D
1M
0F
0]
#2858000
0D
0I
0N
1Q
#2860000
1L
1V
0"
#2861000
0R
#2862000
0M
#2863000
1[
#2864000
1I
1N
1H
1S
#2865000
b1000011000010100 :
b1000011000010100 J
0W
1"
#2866000
0L
#2867000
0Q
#2868000
1M
#2870000
0D
0I
0N
1R
1G
1X
0"
0\
#2872000
1L
#2873000
1D
0H
0S
#2874000
0M
#2875000
1.
b110000101001 :
b110000101001 J
0V
1"
#2876000
0D
1I
1N
1Q
#2877000
1D
1F
1]
#2878000
0L
#2879000
0R
#2880000
1M
1W
0"
#2882000
0I
0N
1H
1S
#2884000
1L
0[
#2885000
0.
b1100001010011 :
b1100001010011 J
b11 !
b11 A
0D
0Q
0G
0X
1"
#2886000
0M
#2888000
1D
1I
1N
1R
#2890000
0L
1V
0"
#2891000
0D
0H
0S
1\
#2892000
1M
#2894000
1D
0I
0N
1Q
#2895000
b11000010100111 :
b11000010100111 J
0W
1"
#2896000
1L
#2897000
0R
#2898000
0D
0M
0F
0]
#2900000
1D
1I
1N
1H
1S
1G
1X
0"
#2902000
0L
#2903000
0Q
#2904000
1M
#2905000
b110000101001111 :
b110000101001111 J
0V
1"
1[
#2906000
0D
0I
0N
1R
#2908000
1L
#2909000
1D
0H
0S
#2910000
0M
1W
0"
#2912000
0D
1I
1N
1Q
0\
#2914000
0L
#2915000
b1100001010011110 :
b1100001010011110 J
1D
0R
0G
0X
1"
#2916000
1M
#2918000
0I
0N
1H
1S
#2919000
0D
1F
1]
#2920000
1L
1V
0"
#2921000
0Q
#2922000
0M
#2924000
1D
1I
1N
1R
#2925000
b1000010100111101 :
b1000010100111101 J
0W
1"
#2926000
0L
0[
#2927000
0D
0H
0S
#2928000
1M
#2930000
0D
0I
0N
1Q
1G
1X
0"
#2932000
1L
#2933000
0R
1\
#2934000
0M
#2935000
1.
b101001111010 :
b101001111010 J
0V
1"
#2936000
1I
1N
1H
1S
#2938000
0L
#2939000
0Q
#2940000
1D
1M
1W
0"
0F
0]
#2942000
0D
0I
0N
1R
#2944000
1L
#2945000
0.
b1010011110100 :
b1010011110100 J
b1 !
b1 A
0D
0H
0S
0G
0X
1"
#2946000
0M
#2947000
1[
#2948000
1D
1I
1N
1Q
#2950000
0L
1V
0"
#2951000
0R
#2952000
1M
#2954000
0I
0N
1H
1S
0\
#2955000
b10100111101001 :
b10100111101001 J
0W
1"
#2956000
1L
#2957000
0Q
#2958000
0M
#2960000
1D
1I
1N
1R
1G
1X
0"
#2961000
0D
1F
1]
#2962000
0L
#2963000
1D
0H
0S
#2964000
1M
#2965000
b101001111010011 :
b101001111010011 J
0V
1"
#2966000
0D
0I
0N
1Q
#2968000
1L
0[
#2969000
0R
#2970000
0M
1W
0"
#2972000
1I
1N
1H
1S
#2974000
0L
#2975000
b1010011110100110 :
b1010011110100110 J
1D
0Q
0G
0X
1"
1\
#2976000
1M
#2978000
0D
0I
0N
1R
#2980000
1L
1V
0"
#2981000
1D
0H
0S
#2982000
0D
0M
0F
0]
#2984000
1D
1I
1N
1Q
#2985000
b100111101001101 :
b100111101001101 J
0W
1"
#2986000
0L
#2987000
0R
#2988000
1M
#2989000
1[
#2990000
0D
0I
0N
1H
1S
1G
1X
0"
#2992000
1L
#2993000
0Q
#2994000
0M
#2995000
b1001111010011010 :
b1001111010011010 J
0V
1"
#2996000
1D
1I
1N
1R
0\
#2998000
0L
#2999000
0D
0H
0S
#3000000
1M
1W
0"
#3002000
1D
0I
0N
1Q
#3003000
0D
1F
1]
#3004000
1L
#3005000
b11110100110100 :
b11110100110100 J
1D
0R
0G
0X
1"
#3006000
0M
#3008000
1I
1N
1H
1S
#3010000
0L
1V
0"
0[
#3011000
0Q
#3012000
1M
#3014000
0D
0I
0N
1R
#3015000
b111101001101000 :
b111101001101000 J
0W
1"
#3016000
1L
#3017000
1D
0H
0S
1\
#3018000
0M
#3020000
1D
1I
1N
1Q
1G
1X
0"
#3022000
0L
#3023000
0R
#3024000
0D
1M
0F
0]
#3025000
b1111010011010000 :
b1111010011010000 J
0V
1"
#3026000
0I
0N
1H
1S
#3028000
1L
#3029000
0Q
#3030000
0M
1W
0"
#3031000
1[
#3032000
1D
1I
1N
1R
#3034000
0L
#3035000
b1110100110100001 :
b1110100110100001 J
1D
0H
0S
0G
0X
1"
#3036000
1M
#3038000
0D
0I
0N
1Q
0\
#3040000
1L
1V
0"
#3041000
0R
#3042000
0M
#3044000
1I
1N
1H
1S
#3045000
b1101001101000011 :
b1101001101000011 J
1D
0W
1"
1F
1]
#3046000
0L
#3047000
0Q
#3048000
1M
#3050000
1D
0I
0N
1R
1G
1X
0"
#3052000
1L
0[
#3053000
0D
0H
0S
#3054000
0M
#3055000
b1010011010000110 :
b1010011010000110 J
0V
1"
#3056000
1D
1I
1N
1Q
#3058000
0L
#3059000
0R
1\
#3060000
1M
1W
0"
#3062000
0I
0N
1H
1S
#3064000
1L
#3065000
b100110100001101 :
b100110100001101 J
0D
0Q
0G
0X
1"
#3066000
1D
0M
0F
0]
#3068000
0D
1I
1N
1R
#3070000
0L
1V
0"
#3071000
1D
0H
0S
#3072000
1M
#3073000
1[
#3074000
0D
0I
0N
1Q
#3075000
b1001101000011010 :
b1001101000011010 J
0W
1"
#3076000
1L
#3077000
0R
#3078000
0M
#3080000
1D
1I
1N
1H
1S
1G
1X
0"
0\
#3082000
0L
#3083000
0Q
#3084000
1M
#3085000
b11010000110101 :
b11010000110101 J
0V
1"
#3086000
0D
0I
0N
1R
#3087000
1D
1F
1]
#3088000
1L
#3089000
0D
0H
0S
#3090000
0M
1W
0"
#3092000
1D
1I
1N
1Q
#3094000
0L
0[
#3095000
b110100001101011 :
b110100001101011 J
0D
0R
0G
0X
1"
#3096000
1M
#3098000
0I
0N
1H
1S
#3100000
1L
1V
0"
#3101000
0Q
1\
#3102000
0M
#3104000
1D
1I
1N
1R
#3105000
b1101000011010111 :
b1101000011010111 J
0W
1"
#3106000
0L
#3107000
0D
0H
0S
#3108000
1D
1M
0F
0]
#3110000
1D
0I
0N
1Q
1G
1X
0"
#3112000
1L
#3113000
0R
#3114000
0M
#3115000
b1010000110101111 :
b1010000110101111 J
0V
1"
1[
#3116000
1I
1N
1H
1S
#3118000
0L
#3119000
0Q
#3120000
1M
1W
0"
#3122000
0D
0I
0N
1R
0\
#3124000
1L
#3125000
b100001101011110 :
b100001101011110 J
0D
0H
0S
0G
0X
1"
#3126000
0M
#3128000
1D
1I
1N
1Q
#3129000
0D
1F
1]
#3130000
0L
1V
0"
#3131000
0R
#3132000
1M
#3134000
0I
0N
1H
1S
#3135000
b1000011010111100 :
b1000011010111100 J
0W
1"
#3136000
1L
0[
#3137000
0Q
#3138000
0M
#3140000
0D
1I
1N
1R
1G
1X
0"
#3142000
0L
#3143000
1D
0H
0S
1\
#3144000
1M
#3145000
1.
b110101111001 :
b110101111001 J
0V
1"
#3146000
0D
0I
0N
1Q
#3148000
1L
#3149000
0R
#3150000
1D
0M
1W
0"
0F
0]
#3152000
1I
1N
1H
1S
#3154000
0L
#3155000
0.
b1101011110011 :
b1101011110011 J
b11 !
b11 A
0D
0Q
0G
0X
1"
#3156000
1M
#3157000
1[
#3158000
1D
0I
0N
1R
#3160000
1L
1V
0"
#3161000
0D
0H
0S
#3162000
0M
#3164000
1D
1I
1N
1Q
0\
#3165000
b11010111100111 :
b11010111100111 J
0W
1"
#3166000
0L
#3167000
0R
#3168000
1M
#3170000
0D
0I
0N
1H
1S
1G
1X
0"
#3171000
1D
1F
1]
#3172000
1L
#3173000
0Q
#3174000
0M
#3175000
b110101111001111 :
b110101111001111 J
0V
1"
#3176000
0D
1I
1N
1R
#3178000
0L
0[
#3179000
1D
0H
0S
#3180000
1M
1W
0"
#3182000
0D
0I
0N
1Q
#3184000
1L
#3185000
b1101011110011110 :
b1101011110011110 J
1D
0R
0G
0X
1"
1\
#3186000
0M
#3188000
1I
1N
1H
1S
#3190000
0L
1V
0"
#3191000
0Q
#3192000
0D
1M
0F
0]
#3194000
1D
0I
0N
1R
#3195000
b1010111100111101 :
b1010111100111101 J
0W
1"
#3196000
1L
#3197000
0D
0H
0S
#3198000
0M
#3199000
1[
#3200000
0D
1I
1N
1Q
1G
1X
0"
#3202000
0L
#3203000
0R
#3204000
1M
#3205000
b101111001111010 :
b101111001111010 J
0V
1"
#3206000
0I
0N
1H
1S
0\
#3208000
1L
#3209000
0Q
#3210000
0M
1W
0"
#3212000
1D
1I
1N
1R
#3213000
0D
1F
1]
#3214000
0L
#3215000
b1011110011110100 :
b1011110011110100 J
0D
0H
0S
0G
0X
1"
#3216000
1M
#3218000
1D
0I
0N
1Q
#3220000
1L
1V
0"
0[
#3221000
0R
#3222000
0M
#3224000
1I
1N
1H
1S
#3225000
b111100111101001 :
b111100111101001 J
0W
1"
#3226000
0L
#3227000
0Q
1\
#3228000
1M
#3230000
1D
0I
0N
1R
1G
1X
0"
#3232000
1L
#3233000
0D
0H
0S
#3234000
1D
0M
0F
0]
#3235000
b1111001111010011 :
b1111001111010011 J
0V
1"
#3236000
0D
1I
1N
1Q
#3238000
0L
#3239000
0R
#3240000
1M
1W
0"
#3241000
1[
#3242000
0I
0N
1H
1S
#3244000
1L
#3245000
b1110011110100110 :
b1110011110100110 J
1D
0Q
0G
0X
1"
#3246000
0M
#3248000
0D
1I
1N
1R
0\
#3250000
0L
1V
0"
#3251000
1D
0H
0S
#3252000
1M
#3254000
0D
0I
0N
1Q
#3255000
b1100111101001101 :
b1100111101001101 J
1D
0W
1"
1F
1]
#3256000
1L
#3257000
0R
#3258000
0M
#3260000
0D
1I
1N
1H
1S
1G
1X
0"
#3262000
0L
0[
#3263000
0Q
#3264000
1M
#3265000
b1001111010011010 :
b1001111010011010 J
0V
1"
#3266000
1D
0I
0N
1R
#3268000
1L
#3269000
0D
0H
0S
1\
#3270000
0M
1W
0"
#3272000
1D
1I
1N
1Q
#3274000
0L
#3275000
b11110100110101 :
b11110100110101 J
0D
0R
0G
0X
1"
#3276000
1D
1M
0F
0]
#3278000
0I
0N
1H
1S
#3280000
1L
1V
0"
#3281000
0Q
#3282000
0M
#3283000
1[
#3284000
0D
1I
1N
1R
#3285000
b111101001101010 :
b111101001101010 J
0W
1"
#3286000
0L
#3287000
1D
0H
0S
#3288000
1M
#3290000
1D
0I
0N
1Q
1G
1X
0"
0\
#3292000
1L
#3293000
0R
#3294000
0M
#3295000
b1111010011010101 :
b1111010011010101 J
0V
1"
#3296000
1I
1N
1H
1S
#3297000
0D
1F
1]
#3298000
0L
#3299000
0Q
#3300000
1M
1W
0"
#3302000
1D
0I
0N
1R
#3304000
1L
0[
#3305000
b1110100110101011 :
b1110100110101011 J
1D
0H
0S
0G
0X
1"
#3306000
0M
#3308000
0D
1I
1N
1Q
#3310000
0L
1V
0"
#3311000
0R
1\
#3312000
1M
#3314000
0I
0N
1H
1S
#3315000
b1101001101010110 :
b1101001101010110 J
0W
1"
#3316000
1L
#3317000
0Q
#3318000
1D
0M
0F
0]
#3320000
1D
1I
1N
1R
1G
1X
0"
#3322000
0L
#3323000
0D
0H
0S
#3324000
1M
#3325000
b1010011010101100 :
b1010011010101100 J
0V
1"
1[
#3326000
1D
0I
0N
1Q
#3328000
1L
#3329000
0R
#3330000
0M
1W
0"
#3332000
1I
1N
1H
1S
0\
#3334000
0L
#3335000
b100110101011001 :
b100110101011001 J
0D
0Q
0G
0X
1"
#3336000
1M
#3338000
1D
0I
0N
1R
#3339000
0D
1F
1]
#3340000
1L
1V
0"
#3341000
1D
0H
0S
#3342000
0M
#3344000
0D
1I
1N
1Q
#3345000
b1001101010110010 :
b1001101010110010 J
0W
1"
#3346000
0L
0[
#3347000
0R
#3348000
1M
#3350000
1D
0I
0N
1H
1S
1G
1X
0"
#3352000
1L
#3353000
0Q
1\
#3354000
0M
#3355000
b11010101100101 :
b11010101100101 J
0V
1"
#3356000
0D
1I
1N
1R
#3358000
0L
#3359000
1D
0H
0S
#3360000
0D
1M
1W
0"
0F
0]
#3362000
1D
0I
0N
1Q
#3364000
1L
#3365000
b110101011001011 :
b110101011001011 J
0D
0R
0G
0X
1"
#3366000
0M
#3367000
1[
#3368000
1I
1N
1H
1S
#3370000
0L
1V
0"
#3371000
0Q
#3372000
1M
#3374000
1D
0I
0N
1R
0\
#3375000
b1101010110010111 :
b1101010110010111 J
0W
1"
#3376000
1L
#3377000
0D
0H
0S
#3378000
0M
#3380000
0D
1I
1N
1Q
1G
1X
0"
#3381000
1D
1F
1]
#3382000
0L
#3383000
0R
#3384000
1M
#3385000
b1010101100101111 :
b1010101100101111 J
0V
1"
#3386000
0I
0N
1H
1S
#3388000
1L
0[
#3389000
0Q
#3390000
0M
1W
0"
#3392000
0D
1I
1N
1R
#3394000
0L
#3395000
b101011001011110 :
b101011001011110 J
0D
0H
0S
0G
0X
1"
1\
#3396000
1M
#3398000
1D
0I
0N
1Q
#3400000
1L
1V
0"
#3401000
0R
#3402000
0D
0M
0F
0]
#3404000
1I
1N
1H
1S
#3405000
b1010110010111100 :
b1010110010111100 J
0W
1"
#3406000
0L
#3407000
0Q
#3408000
1M
#3409000
1[
#3410000
0D
0I
0N
1R
1G
1X
0"
#3412000
1L
#3413000
1D
0H
0S
#3414000
0M
#3415000
b101100101111001 :
b101100101111001 J
0V
1"
#3416000
0D
1I
1N
1Q
0\
#3418000
0L
#3419000
0R
#3420000
1M
1W
0"
#3422000
0I
0N
1H
1S
#3423000
1D
1F
1]
#3424000
1L
#3425000
b1011001011110011 :
b1011001011110011 J
0D
0Q
0G
0X
1"
#3426000
0M
#3428000
1D
1I
1N
1R
#3430000
0L
1V
0"
0[
#3431000
0D
0H
0S
#3432000
1M
#3434000
1D
0I
0N
1Q
#3435000
b110010111100111 :
b110010111100111 J
0W
1"
#3436000
1L
#3437000
0R
1\
#3438000
0M
#3440000
0D
1I
1N
1H
1S
1G
1X
0"
#3442000
0L
#3443000
0Q
#3444000
1D
1M
0F
0]
#3445000
b1100101111001111 :
b1100101111001111 J
0V
1"
#3446000
0D
0I
0N
1R
#3448000
1L
#3449000
1D
0H
0S
#3450000
0M
1W
0"
#3451000
1[
#3452000
0D
1I
1N
1Q
#3454000
0L
#3455000
b1001011110011110 :
b1001011110011110 J
1D
0R
0G
0X
1"
#3456000
1M
#3458000
0I
0N
1H
1S
0\
#3460000
1L
1V
0"
#3461000
0Q
#3462000
0M
#3464000
0D
1I
1N
1R
#3465000
b10111100111101 :
b10111100111101 J
1D
0W
1"
1F
1]
#3466000
0L
#3467000
0D
0H
0S
#3468000
1M
#3470000
0D
0I
0N
1Q
1G
1X
0"
#3472000
1L
0[
#3473000
0R
#3474000
0M
#3475000
b101111001111010 :
b101111001111010 J
0V
1"
#3476000
1I
1N
1H
1S
#3478000
0L
#3479000
0Q
1\
#3480000
1M
1W
0"
#3482000
1D
0I
0N
1R
#3484000
1L
#3485000
b1011110011110101 :
b1011110011110101 J
1D
0H
0S
0G
0X
1"
#3486000
0D
0M
0F
0]
#3488000
1D
1I
1N
1Q
#3490000
0L
1V
0"
#3491000
0R
#3492000
1M
#3493000
1[
#3494000
0I
0N
1H
1S
#3495000
b111100111101011 :
b111100111101011 J
0W
1"
#3496000
1L
#3497000
0Q
#3498000
0M
#3500000
1D
1I
1N
1R
1G
1X
0"
0\
#3502000
0L
#3503000
0D
0H
0S
#3504000
1M
#3505000
b1111001111010110 :
b1111001111010110 J
0V
1"
#3506000
1D
0I
0N
1Q
#3507000
0D
1F
1]
#3508000
1L
#3509000
0R
#3510000
0M
1W
0"
#3512000
1I
1N
1H
1S
#3514000
0L
0[
#3515000
b1110011110101100 :
b1110011110101100 J
1D
0Q
0G
0X
1"
#3516000
1M
#3518000
0D
0I
0N
1R
#3520000
1L
1V
0"
#3521000
1D
0H
0S
1\
#3522000
0M
#3524000
0D
1I
1N
1Q
#3525000
b1100111101011000 :
b1100111101011000 J
0W
1"
#3526000
0L
#3527000
0R
#3528000
1D
1M
0F
0]
#3530000
0D
0I
0N
1H
1S
1G
1X
0"
#3532000
1L
#3533000
0Q
#3534000
0M
#3535000
b1001111010110000 :
b1001111010110000 J
0V
1"
1[
#3536000
1D
1I
1N
1R
#3538000
0L
#3539000
0D
0H
0S
#3540000
1M
1W
0"
#3542000
1D
0I
0N
1Q
0\
#3544000
1L
#3545000
b11110101100001 :
b11110101100001 J
0D
0R
0G
0X
1"
#3546000
0M
#3548000
1I
1N
1H
1S
#3549000
1D
1F
1]
#3550000
0L
1V
0"
#3551000
0Q
#3552000
1M
#3554000
0D
0I
0N
1R
#3555000
b111101011000010 :
b111101011000010 J
0W
1"
#3556000
1L
0[
#3557000
1D
0H
0S
#3558000
0M
#3560000
1D
1I
1N
1Q
1G
1X
0"
#3562000
0L
#3563000
0R
1\
#3564000
1M
#3565000
b1111010110000101 :
b1111010110000101 J
0V
1"
#3566000
0I
0N
1H
1S
#3568000
1L
#3569000
0Q
#3570000
0D
0M
1W
0"
0F
0]
#3572000
1D
1I
1N
1R
#3574000
0L
#3575000
b1110101100001011 :
b1110101100001011 J
1D
0H
0S
0G
0X
1"
#3576000
1M
#3577000
1[
#3578000
0D
0I
0N
1Q
#3580000
1L
1V
0"
#3581000
0R
#3582000
0M
#3584000
1I
1N
1H
1S
0\
#3585000
b1101011000010110 :
b1101011000010110 J
0W
1"
#3586000
0L
#3587000
0Q
#3588000
1M
#3590000
0D
0I
0N
1R
1G
1X
0"
#3591000
1D
1F
1]
#3592000
1L
#3593000
0D
0H
0S
#3594000
0M
#3595000
b1010110000101100 :
b1010110000101100 J
0V
1"
#3596000
1D
1I
1N
1Q
#3598000
0L
0[
#3599000
0R
#3600000
1M
1W
0"
#3602000
0I
0N
1H
1S
#3604000
1L
#3605000
b101100001011001 :
b101100001011001 J
0D
0Q
0G
0X
1"
1\
#3606000
0M
#3608000
1D
1I
1N
1R
#3610000
0L
1V
0"
#3611000
0D
0H
0S
#3612000
1D
1M
0F
0]
#3614000
0D
0I
0N
1Q
#3615000
b1011000010110010 :
b1011000010110010 J
0W
1"
#3616000
1L
#3617000
0R
#3618000
0M
#3619000
1[
#3620000
1D
1I
1N
1H
1S
1G
1X
0"
#3622000
0L
#3623000
0Q
#3624000
1M
#3625000
b110000101100101 :
b110000101100101 J
0V
1"
#3626000
0D
0I
0N
1R
0\
#3628000
1L
#3629000
1D
0H
0S
#3630000
0M
1W
0"
#3632000
0D
1I
1N
1Q
#3633000
1D
1F
1]
#3634000
0L
#3635000
b1100001011001011 :
b1100001011001011 J
0D
0R
0G
0X
1"
#3636000
1M
#3638000
0I
0N
1H
1S
#3640000
1L
1V
0"
0[
#3641000
0Q
#3642000
0M
#3644000
1D
1I
1N
1R
#3645000
b1000010110010111 :
b1000010110010111 J
0W
1"
#3646000
0L
#3647000
0D
0H
0S
1\
#3648000
1M
#3650000
0D
0I
0N
1Q
1G
1X
0"
#3652000
1L
#3653000
0R
#3654000
1D
0M
0F
0]
#3655000
1.
b101100101111 :
b101100101111 J
0V
1"
#3656000
1I
1N
1H
1S
#3658000
0L
#3659000
0Q
#3660000
1M
1W
0"
#3661000
1[
#3662000
0D
0I
0N
1R
#3664000
1L
#3665000
0.
b1011001011110 :
b1011001011110 J
b1 !
b1 A
0D
0H
0S
0G
0X
1"
#3666000
0M
#3668000
1D
1I
1N
1Q
0\
#3670000
0L
1V
0"
#3671000
0R
#3672000
1M
#3674000
0I
0N
1H
1S
#3675000
b10110010111100 :
b10110010111100 J
0D
0W
1"
1F
1]
#3676000
1L
#3677000
0Q
#3678000
0M
#3680000
0D
1I
1N
1R
1G
1X
0"
#3682000
0L
0[
#3683000
1D
0H
0S
#3684000
1M
#3685000
b101100101111001 :
b101100101111001 J
0V
1"
#3686000
0D
0I
0N
1Q
#3688000
1L
#3689000
0R
1\
#3690000
0M
1W
0"
#3692000
1I
1N
1H
1S
#3694000
0L
#3695000
b1011001011110010 :
b1011001011110010 J
1D
0Q
0G
0X
1"
#3696000
0D
1M
0F
0]
#3698000
1D
0I
0N
1R
#3700000
1L
1V
0"
#3701000
0D
0H
0S
#3702000
0M
#3703000
1[
#3704000
1D
1I
1N
1Q
#3705000
b110010111100101 :
b110010111100101 J
0W
1"
#3706000
0L
#3707000
0R
#3708000
1M
#3710000
0D
0I
0N
1H
1S
1G
1X
0"
0\
#3712000
1L
#3713000
0Q
#3714000
0M
#3715000
b1100101111001010 :
b1100101111001010 J
0V
1"
#3716000
1D
1I
1N
1R
#3717000
0D
1F
1]
#3718000
0L
#3719000
1D
0H
0S
#3720000
1M
1W
0"
#3722000
0D
0I
0N
1Q
#3724000
1L
0[
#3725000
b1001011110010100 :
b1001011110010100 J
1D
0R
0G
0X
1"
#3726000
0M
#3728000
1I
1N
1H
1S
#3730000
0L
1V
0"
#3731000
0Q
1\
#3732000
1M
#3734000
0D
0I
0N
1R
#3735000
b10111100101000 :
b10111100101000 J
0W
1"
#3736000
1L
#3737000
1D
0H
0S
#3738000
0D
0M
0F
0]
#3740000
0D
1I
1N
1Q
1G
1X
0"
#3742000
0L
#3743000
0R
#3744000
1M
#3745000
b101111001010000 :
b101111001010000 J
0V
1"
1[
#3746000
0I
0N
1H
1S
#3748000
1L
#3749000
0Q
#3750000
0M
1W
0"
#3752000
1D
1I
1N
1R
0\
#3754000
0L
#3755000
b1011110010100001 :
b1011110010100001 J
1D
0H
0S
0G
0X
1"
#3756000
1M
#3758000
0D
0I
0N
1Q
#3759000
1D
1F
1]
#3760000
1L
1V
0"
#3761000
0R
#3762000
0M
#3764000
1I
1N
1H
1S
#3765000
b111100101000011 :
b111100101000011 J
0W
1"
#3766000
0L
0[
#3767000
0Q
#3768000
1M
#3770000
1D
0I
0N
1R
1G
1X
0"
#3772000
1L
#3773000
0D
0H
0S
1\
#3774000
0M
#3775000
b1111001010000110 :
b1111001010000110 J
0V
1"
#3776000
1D
1I
1N
1Q
#3778000
0L
#3779000
0R
#3780000
0D
1M
1W
0"
0F
0]
#3782000
0I
0N
1H
1S
#3784000
1L
#3785000
b1110010100001100 :
b1110010100001100 J
1D
0Q
0G
0X
1"
#3786000
0M
#3787000
1[
#3788000
0D
1I
1N
1R
#3790000
0L
1V
0"
#3791000
1D
0H
0S
#3792000
1M
#3794000
0D
0I
0N
1Q
0\
#3795000
b1100101000011000 :
b1100101000011000 J
0W
1"
#3796000
1L
#3797000
0R
#3798000
0M
#3800000
1D
1I
1N
1H
1S
1G
1X
0"
#3801000
0D
1F
1]
#3802000
0L
#3803000
0Q
#3804000
1M
#3805000
b1001010000110000 :
b1001010000110000 J
0V
1"
#3806000
1D
0I
0N
1R
#3808000
1L
0[
#3809000
0D
0H
0S
#3810000
0M
1W
0"
#3812000
1D
1I
1N
1Q
#3814000
0L
#3815000
b10100001100001 :
b10100001100001 J
0D
0R
0G
0X
1"
1\
#3816000
1M
#3818000
0I
0N
1H
1S
#3820000
1L
1V
0"
#3821000
0Q
#3822000
1D
0M
0F
0]
#3824000
0D
1I
1N
1R
#3825000
b101000011000010 :
b101000011000010 J
0W
1"
#3826000
0L
#3827000
1D
0H
0S
#3828000
1M
#3829000
1[
#3830000
1D
0I
0N
1Q
1G
1X
0"
#3832000
1L
#3833000
0R
#3834000
0M
#3835000
b1010000110000101 :
b1010000110000101 J
0V
1"
#3836000
1I
1N
1H
1S
0\
#3838000
0L
#3839000
0Q
#3840000
1M
1W
0"
#3842000
0D
0I
0N
1R
#3843000
1D
1F
1]
#3844000
1L
#3845000
b100001100001011 :
b100001100001011 J
1D
0H
0S
0G
0X
1"
#3846000
0M
#3848000
0D
1I
1N
1Q
#3850000
0L
1V
0"
0[
#3851000
0R
#3852000
1M
#3854000
0I
0N
1H
1S
#3855000
b1000011000010110 :
b1000011000010110 J
0W
1"
#3856000
1L
#3857000
0Q
1\
#3858000
0M
#3860000
0D
1I
1N
1R
1G
1X
0"
#3862000
0L
#3863000
1D
0H
0S
#3864000
0D
1M
0F
0]
#3865000
1.
b110000101100 :
b110000101100 J
0V
1"
#3866000
1D
0I
0N
1Q
#3868000
1L
#3869000
0R
#3870000
0M
1W
0"
#3871000
1[
#3872000
1I
1N
1H
1S
#3874000
0L
#3875000
0.
b1100001011001 :
b1100001011001 J
b11 !
b11 A
0D
0Q
0G
0X
1"
#3876000
1M
#3878000
1D
0I
0N
1R
0\
#3880000
1L
1V
0"
#3881000
0D
0H
0S
#3882000
0M
#3884000
1D
1I
1N
1Q
#3885000
b11000010110010 :
b11000010110010 J
0D
0W
1"
1F
1]
#3886000
0L
#3887000
0R
#3888000
1M
#3890000
1D
0I
0N
1H
1S
1G
1X
0"
#3892000
1L
0[
#3893000
0Q
#3894000
0M
#3895000
b110000101100101 :
b110000101100101 J
0V
1"
#3896000
0D
1I
1N
1R
#3898000
0L
#3899000
1D
0H
0S
1\
#3900000
1M
1W
0"
#3902000
0D
0I
0N
1Q
#3904000
1L
#3905000
b1100001011001010 :
b1100001011001010 J
1D
0R
0G
0X
1"
#3906000
0D
0M
0F
0]
#3908000
1I
1N
1H
1S
#3910000
0L
1V
0"
#3911000
0Q
#3912000
1M
#3913000
1[
#3914000
1D
0I
0N
1R
#3915000
b1000010110010101 :
b1000010110010101 J
0W
1"
#3916000
1L
#3917000
0D
0H
0S
#3918000
0M
#3920000
0D
1I
1N
1Q
1G
1X
0"
0\
#3922000
0L
#3923000
0R
#3924000
1M
#3925000
1.
b101100101010 :
b101100101010 J
0V
1"
#3926000
0I
0N
1H
1S
#3927000
1D
1F
1]
#3928000
1L
#3929000
0Q
#3930000
0M
1W
0"
#3932000
0D
1I
1N
1R
#3934000
0L
0[
#3935000
0.
b1011001010100 :
b1011001010100 J
b1 !
b1 A
0D
0H
0S
0G
0X
1"
#3936000
1M
#3938000
1D
0I
0N
1Q
#3940000
1L
1V
0"
#3941000
0R
1\
#3942000
0M
#3944000
1I
1N
1H
1S
#3945000
b10110010101001 :
b10110010101001 J
0W
1"
#3946000
0L
#3947000
0Q
#3948000
0D
1M
0F
0]
#3950000
0D
0I
0N
1R
1G
1X
0"
#3952000
1L
#3953000
1D
0H
0S
#3954000
0M
#3955000
b101100101010011 :
b101100101010011 J
0V
1"
1[
#3956000
0D
1I
1N
1Q
#3958000
0L
#3959000
0R
#3960000
1M
1W
0"
#3962000
0I
0N
1H
1S
0\
#3964000
1L
#3965000
b1011001010100110 :
b1011001010100110 J
1D
0Q
0G
0X
1"
#3966000
0M
#3968000
0D
1I
1N
1R
#3969000
1D
1F
1]
#3970000
0L
1V
0"
#3971000
0D
0H
0S
#3972000
1M
#3974000
1D
0I
0N
1Q
#3975000
b110010101001101 :
b110010101001101 J
0W
1"
#3976000
1L
0[
#3977000
0R
#3978000
0M
#3980000
0D
1I
1N
1H
1S
1G
1X
0"
#3982000
0L
#3983000
0Q
1\
#3984000
1M
#3985000
b1100101010011010 :
b1100101010011010 J
0V
1"
#3986000
1D
0I
0N
1R
#3988000
1L
#3989000
0D
0H
0S
#3990000
1D
0M
1W
0"
0F
0]
#3992000
0D
1I
1N
1Q
#3994000
0L
#3995000
b1001010100110100 :
b1001010100110100 J
1D
0R
0G
0X
1"
#3996000
1M
#3997000
1[
#3998000
0I
0N
1H
1S
#4000000
1L
1V
0"
#4001000
0Q
#4002000
0M
#4004000
0D
1I
1N
1R
0\
#4005000
b10101001101000 :
b10101001101000 J
0W
1"
#4006000
0L
#4007000
1D
0H
0S
#4008000
1M
#4010000
1D
0I
0N
1Q
1G
1X
0"
#4011000
0D
1F
1]
#4012000
1L
#4013000
0R
#4014000
0M
#4015000
b101010011010000 :
b101010011010000 J
0V
1"
#4016000
1I
1N
1H
1S
#4018000
0L
0[
#4019000
0Q
#4020000
1M
1W
0"
#4022000
1D
0I
0N
1R
#4024000
1L
#4025000
b1010100110100001 :
b1010100110100001 J
1D
0H
0S
0G
0X
1"
1\
#4026000
0M
#4028000
0D
1I
1N
1Q
#4030000
0L
1V
0"
#4031000
0R
#4032000
1D
1M
0F
0]
#4034000
0I
0N
1H
1S
#4035000
b101001101000011 :
b101001101000011 J
0W
1"
#4036000
1L
#4037000
0Q
#4038000
0M
#4039000
1[
#4040000
1D
1I
1N
1R
1G
1X
0"
#4042000
0L
#4043000
0D
0H
0S
#4044000
1M
#4045000
b1010011010000110 :
b1010011010000110 J
0V
1"
#4046000
1D
0I
0N
1Q
0\
#4048000
1L
#4049000
0R
#4050000
0M
1W
0"
#4052000
1I
1N
1H
1S
#4053000
0D
1F
1]
#4054000
0L
#4055000
b100110100001100 :
b100110100001100 J
1D
0Q
0G
0X
1"
#4056000
1M
#4058000
0D
0I
0N
1R
#4060000
1L
1V
0"
0[
#4061000
1D
0H
0S
#4062000
0M
#4064000
0D
1I
1N
1Q
#4065000
b1001101000011000 :
b1001101000011000 J
0W
1"
#4066000
0L
#4067000
0R
1\
#4068000
1M
#4070000
1D
0I
0N
1H
1S
1G
1X
0"
#4072000
1L
#4073000
0Q
#4074000
0D
0M
0F
0]
#4075000
b11010000110000 :
b11010000110000 J
0V
1"
#4076000
1D
1I
1N
1R
#4078000
0L
#4079000
0D
0H
0S
#4080000
1M
1W
0"
#4081000
1[
#4082000
1D
0I
0N
1Q
#4084000
1L
#4085000
b110100001100001 :
b110100001100001 J
0D
0R
0G
0X
1"
#4086000
0M
#4088000
1I
1N
1H
1S
0\
#4090000
0L
1V
0"
#4091000
0Q
#4092000
1M
#4094000
1D
0I
0N
1R
#4095000
b1101000011000010 :
b1101000011000010 J
0D
0W
1"
1F
1]
#4096000
1L
#4097000
1D
0H
0S
#4098000
0M
#4100000
1D
1I
1N
1Q
1G
1X
0"
#4102000
0L
0[
#4103000
0R
#4104000
1M
#4105000
b1010000110000101 :
b1010000110000101 J
0V
1"
#4106000
0I
0N
1H
1S
#4108000
1L
#4109000
0Q
1\
#4110000
0M
1W
0"
#4112000
0D
1I
1N
1R
#4114000
0L
#4115000
b100001100001010 :
b100001100001010 J
0D
0H
0S
0G
0X
1"
#4116000
1D
1M
0F
0]
#4118000
0D
0I
0N
1Q
#4120000
1L
1V
0"
#4121000
0R
#4122000
0M
#4123000
1[
#4124000
1I
1N
1H
1S
#4125000
b1000011000010100 :
b1000011000010100 J
0W
1"
#4126000
0L
#4127000
0Q
#4128000
1M
#4130000
0D
0I
0N
1R
1G
1X
0"
0\
#4132000
1L
#4133000
1D
0H
0S
#4134000
0M
#4135000
1.
b110000101001 :
b110000101001 J
0V
1"
#4136000
0D
1I
1N
1Q
#4137000
1D
1F
1]
#4138000
0L
#4139000
0R
#4140000
1M
1W
0"
#4142000
0I
0N
1H
1S
#4144000
1L
0[
#4145000
0.
b1100001010011 :
b1100001010011 J
b11 !
b11 A
0D
0Q
0G
0X
1"
#4146000
0M
#4148000
1D
1I
1N
1R
#4150000
0L
1V
0"
#4151000
0D
0H
0S
1\
#4152000
1M
#4154000
1D
0I
0N
1Q
#4155000
b11000010100111 :
b11000010100111 J
0W
1"
#4156000
1L
#4157000
0R
#4158000
0D
0M
0F
0]
#4160000
1D
1I
1N
1H
1S
1G
1X
0"
#4162000
0L
#4163000
0Q
#4164000
1M
#4165000
b110000101001111 :
b110000101001111 J
0V
1"
1[
#4166000
0D
0I
0N
1R
#4168000
1L
#4169000
1D
0H
0S
#4170000
0M
1W
0"
#4172000
0D
1I
1N
1Q
0\
#4174000
0L
#4175000
b1100001010011110 :
b1100001010011110 J
1D
0R
0G
0X
1"
#4176000
1M
#4178000
0I
0N
1H
1S
#4179000
0D
1F
1]
#4180000
1L
1V
0"
#4181000
0Q
#4182000
0M
#4184000
1D
1I
1N
1R
#4185000
b1000010100111101 :
b1000010100111101 J
0W
1"
#4186000
0L
0[
#4187000
0D
0H
0S
#4188000
1M
#4190000
0D
0I
0N
1Q
1G
1X
0"
#4192000
1L
#4193000
0R
1\
#4194000
0M
#4195000
1.
b101001111010 :
b101001111010 J
0V
1"
#4196000
1I
1N
1H
1S
#4198000
0L
#4199000
0Q
#4200000
1D
1M
1W
0"
0F
0]
#4202000
0D
0I
0N
1R
#4204000
1L
#4205000
0.
b1010011110100 :
b1010011110100 J
b1 !
b1 A
0D
0H
0S
0G
0X
1"
#4206000
0M
#4207000
1[
#4208000
1D
1I
1N
1Q
#4210000
0L
1V
0"
#4211000
0R
#4212000
1M
#4214000
0I
0N
1H
1S
0\
#4215000
b10100111101001 :
b10100111101001 J
0W
1"
#4216000
1L
#4217000
0Q
#4218000
0M
#4220000
1D
1I
1N
1R
1G
1X
0"
#4221000
0D
1F
1]
#4222000
0L
#4223000
1D
0H
0S
#4224000
1M
#4225000
b101001111010011 :
b101001111010011 J
0V
1"
#4226000
0D
0I
0N
1Q
#4228000
1L
0[
#4229000
0R
#4230000
0M
1W
0"
#4232000
1I
1N
1H
1S
#4234000
0L
#4235000
b1010011110100110 :
b1010011110100110 J
1D
0Q
0G
0X
1"
1\
#4236000
1M
#4238000
0D
0I
0N
1R
#4240000
1L
1V
0"
#4241000
1D
0H
0S
#4242000
0D
0M
0F
0]
#4244000
1D
1I
1N
1Q
#4245000
b100111101001101 :
b100111101001101 J
0W
1"
#4246000
0L
#4247000
0R
#4248000
1M
#4249000
1[
#4250000
0D
0I
0N
1H
1S
1G
1X
0"
#4252000
1L
#4253000
0Q
#4254000
0M
#4255000
b1001111010011010 :
b1001111010011010 J
0V
1"
#4256000
1D
1I
1N
1R
0\
#4258000
0L
#4259000
0D
0H
0S
#4260000
1M
1W
0"
#4262000
1D
0I
0N
1Q
#4263000
0D
1F
1]
#4264000
1L
#4265000
b11110100110100 :
b11110100110100 J
1D
0R
0G
0X
1"
#4266000
0M
#4268000
1I
1N
1H
1S
#4270000
0L
1V
0"
0[
#4271000
0Q
#4272000
1M
#4274000
0D
0I
0N
1R
#4275000
b111101001101000 :
b111101001101000 J
0W
1"
#4276000
1L
#4277000
1D
0H
0S
1\
#4278000
0M
#4280000
1D
1I
1N
1Q
1G
1X
0"
#4282000
0L
#4283000
0R
#4284000
0D
1M
0F
0]
#4285000
b1111010011010000 :
b1111010011010000 J
0V
1"
#4286000
0I
0N
1H
1S
#4288000
1L
#4289000
0Q
#4290000
0M
1W
0"
#4291000
1[
#4292000
1D
1I
1N
1R
#4294000
0L
#4295000
b1110100110100001 :
b1110100110100001 J
1D
0H
0S
0G
0X
1"
#4296000
1M
#4298000
0D
0I
0N
1Q
0\
#4300000
1L
1V
0"
#4301000
0R
#4302000
0M
#4304000
1I
1N
1H
1S
#4305000
b1101001101000011 :
b1101001101000011 J
1D
0W
1"
1F
1]
#4306000
0L
#4307000
0Q
#4308000
1M
#4310000
1D
0I
0N
1R
1G
1X
0"
#4312000
1L
0[
#4313000
0D
0H
0S
#4314000
0M
#4315000
b1010011010000110 :
b1010011010000110 J
0V
1"
#4316000
1D
1I
1N
1Q
#4318000
0L
#4319000
0R
1\
#4320000
1M
1W
0"
#4322000
0I
0N
1H
1S
#4324000
1L
#4325000
b100110100001101 :
b100110100001101 J
0D
0Q
0G
0X
1"
#4326000
1D
0M
0F
0]
#4328000
0D
1I
1N
1R
#4330000
0L
1V
0"
#4331000
1D
0H
0S
#4332000
1M
#4333000
1[
#4334000
0D
0I
0N
1Q
#4335000
b1001101000011010 :
b1001101000011010 J
0W
1"
#4336000
1L
#4337000
0R
#4338000
0M
#4340000
1D
1I
1N
1H
1S
1G
1X
0"
0\
#4342000
0L
#4343000
0Q
#4344000
1M
#4345000
b11010000110101 :
b11010000110101 J
0V
1"
#4346000
0D
0I
0N
1R
#4347000
1D
1F
1]
#4348000
1L
#4349000
0D
0H
0S
#4350000
0M
1W
0"
#4352000
1D
1I
1N
1Q
#4354000
0L
0[
#4355000
b110100001101011 :
b110100001101011 J
0D
0R
0G
0X
1"
#4356000
1M
#4358000
0I
0N
1H
1S
#4360000
1L
1V
0"
#4361000
0Q
1\
#4362000
0M
#4364000
1D
1I
1N
1R
#4365000
b1101000011010111 :
b1101000011010111 J
0W
1"
#4366000
0L
#4367000
0D
0H
0S
#4368000
1D
1M
0F
0]
#4370000
1D
0I
0N
1Q
1G
1X
0"
#4372000
1L
#4373000
0R
#4374000
0M
#4375000
b1010000110101111 :
b1010000110101111 J
0V
1"
1[
#4376000
1I
1N
1H
1S
#4378000
0L
#4379000
0Q
#4380000
1M
1W
0"
#4382000
0D
0I
0N
1R
0\
#4384000
1L
#4385000
b100001101011110 :
b100001101011110 J
0D
0H
0S
0G
0X
1"
#4386000
0M
#4388000
1D
1I
1N
1Q
#4389000
0D
1F
1]
#4390000
0L
1V
0"
#4391000
0R
#4392000
1M
#4394000
0I
0N
1H
1S
#4395000
b1000011010111100 :
b1000011010111100 J
0W
1"
#4396000
1L
0[
#4397000
0Q
#4398000
0M
#4400000
0D
1I
1N
1R
1G
1X
0"
#4402000
0L
#4403000
1D
0H
0S
1\
#4404000
1M
#4405000
1.
b110101111001 :
b110101111001 J
0V
1"
#4406000
0D
0I
0N
1Q
#4408000
1L
#4409000
0R
#4410000
1D
0M
1W
0"
0F
0]
#4412000
1I
1N
1H
1S
#4414000
0L
#4415000
0.
b1101011110011 :
b1101011110011 J
b11 !
b11 A
0D
0Q
0G
0X
1"
#4416000
1M
#4417000
1[
#4418000
1D
0I
0N
1R
#4420000
1L
1V
0"
#4421000
0D
0H
0S
#4422000
0M
#4424000
1D
1I
1N
1Q
0\
#4425000
b11010111100111 :
b11010111100111 J
0W
1"
#4426000
0L
#4427000
0R
#4428000
1M
#4430000
0D
0I
0N
1H
1S
1G
1X
0"
#4431000
1D
1F
1]
#4432000
1L
#4433000
0Q
#4434000
0M
#4435000
b110101111001111 :
b110101111001111 J
0V
1"
#4436000
0D
1I
1N
1R
#4438000
0L
0[
#4439000
1D
0H
0S
#4440000
1M
1W
0"
#4442000
0D
0I
0N
1Q
#4444000
1L
#4445000
b1101011110011110 :
b1101011110011110 J
1D
0R
0G
0X
1"
1\
#4446000
0M
#4448000
1I
1N
1H
1S
#4450000
0L
1V
0"
#4451000
0Q
#4452000
0D
1M
0F
0]
#4454000
1D
0I
0N
1R
#4455000
b1010111100111101 :
b1010111100111101 J
0W
1"
#4456000
1L
#4457000
0D
0H
0S
#4458000
0M
#4459000
1[
#4460000
0D
1I
1N
1Q
1G
1X
0"
#4462000
0L
#4463000
0R
#4464000
1M
#4465000
b101111001111010 :
b101111001111010 J
0V
1"
#4466000
0I
0N
1H
1S
0\
#4468000
1L
#4469000
0Q
#4470000
0M
1W
0"
#4472000
1D
1I
1N
1R
#4473000
0D
1F
1]
#4474000
0L
#4475000
b1011110011110100 :
b1011110011110100 J
0D
0H
0S
0G
0X
1"
#4476000
1M
#4478000
1D
0I
0N
1Q
#4480000
1L
1V
0"
0[
#4481000
0R
#4482000
0M
#4484000
1I
1N
1H
1S
#4485000
b111100111101001 :
b111100111101001 J
0W
1"
#4486000
0L
#4487000
0Q
1\
#4488000
1M
#4490000
1D
0I
0N
1R
1G
1X
0"
#4492000
1L
#4493000
0D
0H
0S
#4494000
1D
0M
0F
0]
#4495000
b1111001111010011 :
b1111001111010011 J
0V
1"
#4496000
0D
1I
1N
1Q
#4498000
0L
#4499000
0R
#4500000
1M
1W
0"
#4501000
1[
#4502000
0I
0N
1H
1S
#4504000
1L
#4505000
b1110011110100110 :
b1110011110100110 J
1D
0Q
0G
0X
1"
#4506000
0M
#4508000
0D
1I
1N
1R
0\
#4510000
0L
1V
0"
#4511000
1D
0H
0S
#4512000
1M
#4514000
0D
0I
0N
1Q
#4515000
b1100111101001101 :
b1100111101001101 J
1D
0W
1"
1F
1]
#4516000
1L
#4517000
0R
#4518000
0M
#4520000
0D
1I
1N
1H
1S
1G
1X
0"
#4522000
0L
0[
#4523000
0Q
#4524000
1M
#4525000
b1001111010011010 :
b1001111010011010 J
0V
1"
#4526000
1D
0I
0N
1R
#4528000
1L
#4529000
0D
0H
0S
1\
#4530000
0M
1W
0"
#4532000
1D
1I
1N
1Q
#4534000
0L
#4535000
b11110100110101 :
b11110100110101 J
0D
0R
0G
0X
1"
#4536000
1D
1M
0F
0]
#4538000
0I
0N
1H
1S
#4540000
1L
1V
0"
#4541000
0Q
#4542000
0M
#4543000
1[
#4544000
0D
1I
1N
1R
#4545000
b111101001101010 :
b111101001101010 J
0W
1"
#4546000
0L
#4547000
1D
0H
0S
#4548000
1M
#4550000
1D
0I
0N
1Q
1G
1X
0"
0\
#4552000
1L
#4553000
0R
#4554000
0M
#4555000
b1111010011010101 :
b1111010011010101 J
0V
1"
#4556000
1I
1N
1H
1S
#4557000
0D
1F
1]
#4558000
0L
#4559000
0Q
#4560000
1M
1W
0"
#4562000
1D
0I
0N
1R
#4564000
1L
0[
#4565000
b1110100110101011 :
b1110100110101011 J
1D
0H
0S
0G
0X
1"
#4566000
0M
#4568000
0D
1I
1N
1Q
#4570000
0L
1V
0"
#4571000
0R
1\
#4572000
1M
#4574000
0I
0N
1H
1S
#4575000
b1101001101010110 :
b1101001101010110 J
0W
1"
#4576000
1L
#4577000
0Q
#4578000
1D
0M
0F
0]
#4580000
1D
1I
1N
1R
1G
1X
0"
#4582000
0L
#4583000
0D
0H
0S
#4584000
1M
#4585000
b1010011010101100 :
b1010011010101100 J
0V
1"
1[
#4586000
1D
0I
0N
1Q
#4588000
1L
#4589000
0R
#4590000
0M
1W
0"
#4592000
1I
1N
1H
1S
0\
#4594000
0L
#4595000
b100110101011001 :
b100110101011001 J
0D
0Q
0G
0X
1"
#4596000
1M
#4598000
1D
0I
0N
1R
#4599000
0D
1F
1]
#4600000
1L
1V
0"
#4601000
1D
0H
0S
#4602000
0M
#4604000
0D
1I
1N
1Q
#4605000
b1001101010110010 :
b1001101010110010 J
0W
1"
#4606000
0L
0[
#4607000
0R
#4608000
1M
#4610000
1D
0I
0N
1H
1S
1G
1X
0"
#4612000
1L
#4613000
0Q
1\
#4614000
0M
#4615000
b11010101100101 :
b11010101100101 J
0V
1"
#4616000
0D
1I
1N
1R
#4618000
0L
#4619000
1D
0H
0S
#4620000
0D
1M
1W
0"
0F
0]
#4622000
1D
0I
0N
1Q
#4624000
1L
#4625000
b110101011001011 :
b110101011001011 J
0D
0R
0G
0X
1"
#4626000
0M
#4627000
1[
#4628000
1I
1N
1H
1S
#4630000
0L
1V
0"
#4631000
0Q
#4632000
1M
#4634000
1D
0I
0N
1R
0\
#4635000
b1101010110010111 :
b1101010110010111 J
0W
1"
#4636000
1L
#4637000
0D
0H
0S
#4638000
0M
#4640000
0D
1I
1N
1Q
1G
1X
0"
#4641000
1D
1F
1]
#4642000
0L
#4643000
0R
#4644000
1M
#4645000
b1010101100101111 :
b1010101100101111 J
0V
1"
#4646000
0I
0N
1H
1S
#4648000
1L
0[
#4649000
0Q
#4650000
0M
1W
0"
#4652000
0D
1I
1N
1R
#4654000
0L
#4655000
b101011001011110 :
b101011001011110 J
0D
0H
0S
0G
0X
1"
1\
#4656000
1M
#4658000
1D
0I
0N
1Q
#4660000
1L
1V
0"
#4661000
0R
#4662000
0D
0M
0F
0]
#4664000
1I
1N
1H
1S
#4665000
b1010110010111100 :
b1010110010111100 J
0W
1"
#4666000
0L
#4667000
0Q
#4668000
1M
#4669000
1[
#4670000
0D
0I
0N
1R
1G
1X
0"
#4672000
1L
#4673000
1D
0H
0S
#4674000
0M
#4675000
b101100101111001 :
b101100101111001 J
0V
1"
#4676000
0D
1I
1N
1Q
0\
#4678000
0L
#4679000
0R
#4680000
1M
1W
0"
#4682000
0I
0N
1H
1S
#4683000
1D
1F
1]
#4684000
1L
#4685000
b1011001011110011 :
b1011001011110011 J
0D
0Q
0G
0X
1"
#4686000
0M
#4688000
1D
1I
1N
1R
#4690000
0L
1V
0"
0[
#4691000
0D
0H
0S
#4692000
1M
#4694000
1D
0I
0N
1Q
#4695000
b110010111100111 :
b110010111100111 J
0W
1"
#4696000
1L
#4697000
0R
1\
#4698000
0M
#4700000
0D
1I
1N
1H
1S
1G
1X
0"
#4702000
0L
#4703000
0Q
#4704000
1D
1M
0F
0]
#4705000
b1100101111001111 :
b1100101111001111 J
0V
1"
#4706000
0D
0I
0N
1R
#4708000
1L
#4709000
1D
0H
0S
#4710000
0M
1W
0"
#4711000
1[
#4712000
0D
1I
1N
1Q
#4714000
0L
#4715000
b1001011110011110 :
b1001011110011110 J
1D
0R
0G
0X
1"
#4716000
1M
#4718000
0I
0N
1H
1S
0\
#4720000
1L
1V
0"
#4721000
0Q
#4722000
0M
#4724000
0D
1I
1N
1R
#4725000
b10111100111101 :
b10111100111101 J
1D
0W
1"
1F
1]
#4726000
0L
#4727000
0D
0H
0S
#4728000
1M
#4730000
0D
0I
0N
1Q
1G
1X
0"
#4732000
1L
0[
#4733000
0R
#4734000
0M
#4735000
b101111001111010 :
b101111001111010 J
0V
1"
#4736000
1I
1N
1H
1S
#4738000
0L
#4739000
0Q
1\
#4740000
1M
1W
0"
#4742000
1D
0I
0N
1R
#4744000
1L
#4745000
b1011110011110101 :
b1011110011110101 J
1D
0H
0S
0G
0X
1"
#4746000
0D
0M
0F
0]
#4748000
1D
1I
1N
1Q
#4750000
0L
1V
0"
#4751000
0R
#4752000
1M
#4753000
1[
#4754000
0I
0N
1H
1S
#4755000
b111100111101011 :
b111100111101011 J
0W
1"
#4756000
1L
#4757000
0Q
#4758000
0M
#4760000
1D
1I
1N
1R
1G
1X
0"
0\
#4762000
0L
#4763000
0D
0H
0S
#4764000
1M
#4765000
b1111001111010110 :
b1111001111010110 J
0V
1"
#4766000
1D
0I
0N
1Q
#4767000
0D
1F
1]
#4768000
1L
#4769000
0R
#4770000
0M
1W
0"
#4772000
1I
1N
1H
1S
#4774000
0L
0[
#4775000
b1110011110101100 :
b1110011110101100 J
1D
0Q
0G
0X
1"
#4776000
1M
#4778000
0D
0I
0N
1R
#4780000
1L
1V
0"
#4781000
1D
0H
0S
1\
#4782000
0M
#4784000
0D
1I
1N
1Q
#4785000
b1100111101011000 :
b1100111101011000 J
0W
1"
#4786000
0L
#4787000
0R
#4788000
1D
1M
0F
0]
#4790000
0D
0I
0N
1H
1S
1G
1X
0"
#4792000
1L
#4793000
0Q
#4794000
0M
#4795000
b1001111010110000 :
b1001111010110000 J
0V
1"
1[
#4796000
1D
1I
1N
1R
#4798000
0L
#4799000
0D
0H
0S
#4800000
1M
1W
0"
#4802000
1D
0I
0N
1Q
0\
#4804000
1L
#4805000
b11110101100001 :
b11110101100001 J
0D
0R
0G
0X
1"
#4806000
0M
#4808000
1I
1N
1H
1S
#4809000
1D
1F
1]
#4810000
0L
1V
0"
#4811000
0Q
#4812000
1M
#4814000
0D
0I
0N
1R
#4815000
b111101011000010 :
b111101011000010 J
0W
1"
#4816000
1L
0[
#4817000
1D
0H
0S
#4818000
0M
#4820000
1D
1I
1N
1Q
1G
1X
0"
#4822000
0L
#4823000
0R
1\
#4824000
1M
#4825000
b1111010110000101 :
b1111010110000101 J
0V
1"
#4826000
0I
0N
1H
1S
#4828000
1L
#4829000
0Q
#4830000
0D
0M
1W
0"
0F
0]
#4832000
1D
1I
1N
1R
#4834000
0L
#4835000
b1110101100001011 :
b1110101100001011 J
1D
0H
0S
0G
0X
1"
#4836000
1M
#4837000
1[
#4838000
0D
0I
0N
1Q
#4840000
1L
1V
0"
#4841000
0R
#4842000
0M
#4844000
1I
1N
1H
1S
0\
#4845000
b1101011000010110 :
b1101011000010110 J
0W
1"
#4846000
0L
#4847000
0Q
#4848000
1M
#4850000
0D
0I
0N
1R
1G
1X
0"
#4851000
1D
1F
1]
#4852000
1L
#4853000
0D
0H
0S
#4854000
0M
#4855000
b1010110000101100 :
b1010110000101100 J
0V
1"
#4856000
1D
1I
1N
1Q
#4858000
0L
0[
#4859000
0R
#4860000
1M
1W
0"
#4862000
0I
0N
1H
1S
#4864000
1L
#4865000
b101100001011001 :
b101100001011001 J
0D
0Q
0G
0X
1"
1\
#4866000
0M
#4868000
1D
1I
1N
1R
#4870000
0L
1V
0"
#4871000
0D
0H
0S
#4872000
1D
1M
0F
0]
#4874000
0D
0I
0N
1Q
#4875000
b1011000010110010 :
b1011000010110010 J
0W
1"
#4876000
1L
#4877000
0R
#4878000
0M
#4879000
1[
#4880000
1D
1I
1N
1H
1S
1G
1X
0"
#4882000
0L
#4883000
0Q
#4884000
1M
#4885000
b110000101100101 :
b110000101100101 J
0V
1"
#4886000
0D
0I
0N
1R
0\
#4888000
1L
#4889000
1D
0H
0S
#4890000
0M
1W
0"
#4892000
0D
1I
1N
1Q
#4893000
1D
1F
1]
#4894000
0L
#4895000
b1100001011001011 :
b1100001011001011 J
0D
0R
0G
0X
1"
#4896000
1M
#4898000
0I
0N
1H
1S
#4900000
1L
1V
0"
0[
#4901000
0Q
#4902000
0M
#4904000
1D
1I
1N
1R
#4905000
b1000010110010111 :
b1000010110010111 J
0W
1"
#4906000
0L
#4907000
0D
0H
0S
1\
#4908000
1M
#4910000
0D
0I
0N
1Q
1G
1X
0"
#4912000
1L
#4913000
0R
#4914000
1D
0M
0F
0]
#4915000
1.
b101100101111 :
b101100101111 J
0V
1"
#4916000
1I
1N
1H
1S
#4918000
0L
#4919000
0Q
#4920000
1M
1W
0"
#4921000
1[
#4922000
0D
0I
0N
1R
#4924000
1L
#4925000
0.
b1011001011110 :
b1011001011110 J
b1 !
b1 A
0D
0H
0S
0G
0X
1"
#4926000
0M
#4928000
1D
1I
1N
1Q
0\
#4930000
0L
1V
0"
#4931000
0R
#4932000
1M
#4934000
0I
0N
1H
1S
#4935000
b10110010111100 :
b10110010111100 J
0D
0W
1"
1F
1]
#4936000
1L
#4937000
0Q
#4938000
0M
#4940000
0D
1I
1N
1R
1G
1X
0"
#4942000
0L
0[
#4943000
1D
0H
0S
#4944000
1M
#4945000
b101100101111001 :
b101100101111001 J
0V
1"
#4946000
0D
0I
0N
1Q
#4948000
1L
#4949000
0R
1\
#4950000
0M
1W
0"
#4952000
1I
1N
1H
1S
#4954000
0L
#4955000
b1011001011110010 :
b1011001011110010 J
1D
0Q
0G
0X
1"
#4956000
0D
1M
0F
0]
#4958000
1D
0I
0N
1R
#4960000
1L
1V
0"
#4961000
0D
0H
0S
#4962000
0M
#4963000
1[
#4964000
1D
1I
1N
1Q
#4965000
b110010111100101 :
b110010111100101 J
0W
1"
#4966000
0L
#4967000
0R
#4968000
1M
#4970000
0D
0I
0N
1H
1S
1G
1X
0"
0\
#4972000
1L
#4973000
0Q
#4974000
0M
#4975000
b1100101111001010 :
b1100101111001010 J
0V
1"
#4976000
1D
1I
1N
1R
#4977000
0D
1F
1]
#4978000
0L
#4979000
1D
0H
0S
#4980000
1M
1W
0"
#4982000
0D
0I
0N
1Q
#4984000
1L
0[
#4985000
b1001011110010100 :
b1001011110010100 J
1D
0R
0G
0X
1"
#4986000
0M
#4988000
1I
1N
1H
1S
#4990000
0L
1V
0"
#4991000
0Q
1\
#4992000
1M
#4994000
0D
0I
0N
1R
#4995000
b10111100101000 :
b10111100101000 J
0W
1"
#4996000
1L
#4997000
1D
0H
0S
#4998000
0D
0M
0F
0]
#5000000
0D
1I
1N
1Q
1G
1X
0"
#5002000
0L
#5003000
0R
#5004000
1M
#5005000
b101111001010000 :
b101111001010000 J
0V
1"
1[
#5006000
0I
0N
1H
1S
#5008000
1L
#5009000
0Q
#5010000
0M
1W
0"
#5012000
1D
1I
1N
1R
0\
#5014000
0L
#5015000
b1011110010100001 :
b1011110010100001 J
1D
0H
0S
0G
0X
1"
#5016000
1M
#5018000
0D
0I
0N
1Q
#5019000
1D
1F
1]
#5020000
b0 9
1L
1V
0"
b0 -
b0 8
#5021000
0R
#5022000
0M
#5024000
1I
1N
1H
1S
#5025000
b111100101000011 :
b111100101000011 J
0W
1"
#5026000
0L
0[
#5027000
0Q
#5028000
1M
#5030000
1D
0I
0N
1R
1G
1X
0"
#5032000
1L
#5033000
0D
0H
0S
1\
#5034000
0M
#5035000
b1111001010000110 :
b1111001010000110 J
0V
1"
#5036000
1D
1I
1N
1Q
#5038000
0L
#5039000
0R
#5040000
0D
1M
1W
0"
0F
0]
#5042000
0I
0N
1H
1S
#5044000
1L
#5045000
b1110010100001100 :
b1110010100001100 J
1D
0Q
0G
0X
1"
#5046000
0M
#5047000
1[
#5048000
0D
1I
1N
1R
#5050000
0L
1V
0"
#5051000
1D
0H
0S
#5052000
1M
#5054000
0D
0I
0N
1Q
0\
#5055000
b1100101000011000 :
b1100101000011000 J
0W
1"
#5056000
1L
#5057000
0R
#5058000
0M
#5060000
1D
1I
1N
1H
1S
1G
1X
0"
#5061000
0D
1F
1]
#5062000
0L
#5063000
0Q
#5064000
1M
#5065000
b1001010000110000 :
b1001010000110000 J
0V
1"
#5066000
1D
0I
0N
1R
#5068000
1L
0[
#5069000
0D
0H
0S
#5070000
0M
1W
0"
#5072000
1D
1I
1N
1Q
#5074000
0L
#5075000
b10100001100001 :
b10100001100001 J
0D
0R
0G
0X
1"
1\
#5076000
1M
#5078000
0I
0N
1H
1S
#5080000
1L
1V
0"
#5081000
0Q
#5082000
1D
0M
0F
0]
#5084000
0D
1I
1N
1R
#5085000
b101000011000010 :
b101000011000010 J
0W
1"
#5086000
0L
#5087000
1D
0H
0S
#5088000
1M
#5089000
1[
#5090000
1D
0I
0N
1Q
1G
1X
0"
#5092000
1L
#5093000
0R
#5094000
0M
#5095000
b1010000110000101 :
b1010000110000101 J
0V
1"
#5096000
1I
1N
1H
1S
0\
#5098000
0L
#5099000
0Q
#5100000
1M
1W
0"
#5102000
0D
0I
0N
1R
#5103000
1D
1F
1]
#5104000
1L
#5105000
b100001100001011 :
b100001100001011 J
1D
0H
0S
0G
0X
1"
#5106000
0M
#5108000
0D
1I
1N
1Q
#5110000
0L
1V
0"
0[
#5111000
0R
#5112000
1M
#5114000
0I
0N
1H
1S
#5115000
b1000011000010110 :
b1000011000010110 J
0W
1"
#5116000
1L
#5117000
0Q
1\
#5118000
0M
#5120000
0D
1I
1N
1R
1G
1X
0"
#5122000
0L
#5123000
1D
0H
0S
#5124000
0D
1M
0F
0]
#5125000
1.
b110000101100 :
b110000101100 J
0V
1"
#5126000
1D
0I
0N
1Q
#5128000
1L
#5129000
0R
#5130000
0M
1W
0"
#5131000
1[
#5132000
1I
1N
1H
1S
#5134000
0L
#5135000
0.
b1100001011001 :
b1100001011001 J
b11 !
b11 A
0D
0Q
0G
0X
1"
#5136000
1M
#5138000
1D
0I
0N
1R
0\
#5140000
1L
1V
0"
#5141000
0D
0H
0S
#5142000
0M
#5144000
1D
1I
1N
1Q
#5145000
b11000010110010 :
b11000010110010 J
0D
0W
1"
1F
1]
#5146000
0L
#5147000
0R
#5148000
1M
#5150000
1D
0I
0N
1H
1S
1G
1X
0"
#5152000
1L
0[
#5153000
0Q
#5154000
0M
#5155000
b110000101100101 :
b110000101100101 J
0V
1"
#5156000
0D
1I
1N
1R
#5158000
0L
#5159000
1D
0H
0S
1\
#5160000
1M
1W
0"
#5162000
0D
0I
0N
1Q
#5164000
1L
#5165000
b1100001011001010 :
b1100001011001010 J
1D
0R
0G
0X
1"
#5166000
0D
0M
0F
0]
#5168000
1I
1N
1H
1S
#5170000
0L
1V
0"
#5171000
0Q
#5172000
1M
#5173000
1[
#5174000
1D
0I
0N
1R
#5175000
b1000010110010101 :
b1000010110010101 J
0W
1"
#5176000
1L
#5177000
0D
0H
0S
#5178000
0M
#5180000
0D
1I
1N
1Q
1G
1X
0"
0\
#5182000
0L
#5183000
0R
#5184000
1M
#5185000
1.
b101100101010 :
b101100101010 J
0V
1"
#5186000
0I
0N
1H
1S
#5187000
1D
1F
1]
#5188000
1L
#5189000
0Q
#5190000
0M
1W
0"
#5192000
0D
1I
1N
1R
#5194000
0L
0[
#5195000
0.
b1011001010100 :
b1011001010100 J
b1 !
b1 A
0D
0H
0S
0G
0X
1"
#5196000
1M
#5198000
1D
0I
0N
1Q
#5200000
1L
1V
0"
#5201000
0R
1\
#5202000
0M
#5204000
1I
1N
1H
1S
#5205000
b10110010101001 :
b10110010101001 J
0W
1"
#5206000
0L
#5207000
0Q
#5208000
0D
1M
0F
0]
#5210000
0D
0I
0N
1R
1G
1X
0"
#5212000
1L
#5213000
1D
0H
0S
#5214000
0M
#5215000
b101100101010011 :
b101100101010011 J
0V
1"
1[
#5216000
0D
1I
1N
1Q
#5218000
0L
#5219000
0R
#5220000
1M
1W
0"
#5222000
0I
0N
1H
1S
0\
#5224000
1L
#5225000
b1011001010100110 :
b1011001010100110 J
1D
0Q
0G
0X
1"
#5226000
0M
#5228000
0D
1I
1N
1R
#5229000
1D
1F
1]
#5230000
0L
1V
0"
#5231000
0D
0H
0S
#5232000
1M
#5234000
1D
0I
0N
1Q
#5235000
b110010101001101 :
b110010101001101 J
0W
1"
#5236000
1L
0[
#5237000
0R
#5238000
0M
#5240000
0D
1I
1N
1H
1S
1G
1X
0"
#5242000
0L
#5243000
0Q
1\
#5244000
1M
#5245000
b1100101010011010 :
b1100101010011010 J
0V
1"
#5246000
1D
0I
0N
1R
#5248000
1L
#5249000
0D
0H
0S
#5250000
1D
0M
1W
0"
0F
0]
#5252000
0D
1I
1N
1Q
#5254000
0L
#5255000
b1001010100110100 :
b1001010100110100 J
1D
0R
0G
0X
1"
#5256000
1M
#5257000
1[
#5258000
0I
0N
1H
1S
#5260000
1L
1V
0"
#5261000
0Q
#5262000
0M
#5264000
0D
1I
1N
1R
0\
#5265000
b10101001101000 :
b10101001101000 J
0W
1"
#5266000
0L
#5267000
1D
0H
0S
#5268000
1M
#5270000
1D
0I
0N
1Q
1G
1X
0"
#5271000
0D
1F
1]
#5272000
1L
#5273000
0R
#5274000
0M
#5275000
b101010011010000 :
b101010011010000 J
0V
1"
#5276000
1I
1N
1H
1S
#5278000
0L
0[
#5279000
0Q
#5280000
1M
1W
0"
#5282000
1D
0I
0N
1R
#5284000
1L
#5285000
b1010100110100001 :
b1010100110100001 J
1D
0H
0S
0G
0X
1"
1\
#5286000
0M
#5288000
0D
1I
1N
1Q
#5290000
0L
1V
0"
#5291000
0R
#5292000
1D
1M
0F
0]
#5294000
0I
0N
1H
1S
#5295000
b101001101000011 :
b101001101000011 J
0W
1"
#5296000
1L
#5297000
0Q
#5298000
0M
#5299000
1[
#5300000
1D
1I
1N
1R
1G
1X
0"
#5302000
0L
#5303000
0D
0H
0S
#5304000
1M
#5305000
b1010011010000110 :
b1010011010000110 J
0V
1"
#5306000
1D
0I
0N
1Q
0\
#5308000
1L
#5309000
0R
#5310000
0M
1W
0"
#5312000
1I
1N
1H
1S
#5313000
0D
1F
1]
#5314000
0L
#5315000
b100110100001100 :
b100110100001100 J
1D
0Q
0G
0X
1"
#5316000
1M
#5318000
0D
0I
0N
1R
#5320000
1L
1V
0"
0[
#5321000
1D
0H
0S
#5322000
0M
#5324000
0D
1I
1N
1Q
#5325000
b1001101000011000 :
b1001101000011000 J
0W
1"
#5326000
0L
#5327000
0R
1\
#5328000
1M
#5330000
1D
0I
0N
1H
1S
1G
1X
0"
#5332000
1L
#5333000
0Q
#5334000
0D
0M
0F
0]
#5335000
b11010000110000 :
b11010000110000 J
0V
1"
#5336000
1D
1I
1N
1R
#5338000
0L
#5339000
0D
0H
0S
#5340000
1M
1W
0"
#5341000
1[
#5342000
1D
0I
0N
1Q
#5344000
1L
#5345000
b110100001100001 :
b110100001100001 J
0D
0R
0G
0X
1"
#5346000
0M
#5348000
1I
1N
1H
1S
0\
#5350000
0L
1V
0"
#5351000
0Q
#5352000
1M
#5354000
1D
0I
0N
1R
#5355000
b1101000011000010 :
b1101000011000010 J
0D
0W
1"
1F
1]
#5356000
1L
#5357000
1D
0H
0S
#5358000
0M
#5360000
1D
1I
1N
1Q
1G
1X
0"
#5362000
0L
0[
#5363000
0R
#5364000
1M
#5365000
b1010000110000101 :
b1010000110000101 J
0V
1"
#5366000
0I
0N
1H
1S
#5368000
1L
#5369000
0Q
1\
#5370000
0M
1W
0"
#5372000
0D
1I
1N
1R
#5374000
0L
#5375000
b100001100001010 :
b100001100001010 J
0D
0H
0S
0G
0X
1"
#5376000
1D
1M
0F
0]
#5378000
0D
0I
0N
1Q
#5380000
1L
1V
0"
#5381000
0R
#5382000
0M
#5383000
1[
#5384000
1I
1N
1H
1S
#5385000
b1000011000010100 :
b1000011000010100 J
0W
1"
#5386000
0L
#5387000
0Q
#5388000
1M
#5390000
0D
0I
0N
1R
1G
1X
0"
0\
#5392000
1L
#5393000
1D
0H
0S
#5394000
0M
#5395000
1.
b110000101001 :
b110000101001 J
0V
1"
#5396000
0D
1I
1N
1Q
#5397000
1D
1F
1]
#5398000
0L
#5399000
0R
#5400000
1M
1W
0"
#5402000
0I
0N
1H
1S
#5404000
1L
0[
#5405000
0.
b1100001010011 :
b1100001010011 J
b11 !
b11 A
0D
0Q
0G
0X
1"
#5406000
0M
#5408000
1D
1I
1N
1R
#5410000
0L
1V
0"
#5411000
0D
0H
0S
1\
#5412000
1M
#5414000
1D
0I
0N
1Q
#5415000
b11000010100111 :
b11000010100111 J
0W
1"
#5416000
1L
#5417000
0R
#5418000
0D
0M
0F
0]
#5420000
1D
1I
1N
1H
1S
1G
1X
0"
#5422000
0L
#5423000
0Q
#5424000
1M
#5425000
b110000101001111 :
b110000101001111 J
0V
1"
1[
#5426000
0D
0I
0N
1R
#5428000
1L
#5429000
1D
0H
0S
#5430000
0M
1W
0"
#5432000
0D
1I
1N
1Q
0\
#5434000
0L
#5435000
b1100001010011110 :
b1100001010011110 J
1D
0R
0G
0X
1"
#5436000
1M
#5438000
0I
0N
1H
1S
#5439000
0D
1F
1]
#5440000
1L
1V
0"
#5441000
0Q
#5442000
0M
#5444000
1D
1I
1N
1R
#5445000
b1000010100111101 :
b1000010100111101 J
0W
1"
#5446000
0L
0[
#5447000
0D
0H
0S
#5448000
1M
#5450000
0D
0I
0N
1Q
1G
1X
0"
#5452000
1L
#5453000
0R
1\
#5454000
0M
#5455000
1.
b101001111010 :
b101001111010 J
0V
1"
#5456000
1I
1N
1H
1S
#5458000
0L
#5459000
0Q
#5460000
1D
1M
1W
0"
0F
0]
#5462000
0D
0I
0N
1R
#5464000
1L
#5465000
0.
b1010011110100 :
b1010011110100 J
b1 !
b1 A
0D
0H
0S
0G
0X
1"
#5466000
0M
#5467000
1[
#5468000
1D
1I
1N
1Q
#5470000
0L
1V
0"
#5471000
0R
#5472000
1M
#5474000
0I
0N
1H
1S
0\
#5475000
b10100111101001 :
b10100111101001 J
0W
1"
#5476000
1L
#5477000
0Q
#5478000
0M
#5480000
1D
1I
1N
1R
1G
1X
0"
#5481000
0D
1F
1]
#5482000
0L
#5483000
1D
0H
0S
#5484000
1M
#5485000
b101001111010011 :
b101001111010011 J
0V
1"
#5486000
0D
0I
0N
1Q
#5488000
1L
0[
#5489000
0R
#5490000
0M
1W
0"
#5492000
1I
1N
1H
1S
#5494000
0L
#5495000
b1010011110100110 :
b1010011110100110 J
1D
0Q
0G
0X
1"
1\
#5496000
1M
#5498000
0D
0I
0N
1R
#5500000
1L
1V
0"
#5501000
1D
0H
0S
#5502000
0D
0M
0F
0]
#5504000
1D
1I
1N
1Q
#5505000
b100111101001101 :
b100111101001101 J
0W
1"
#5506000
0L
#5507000
0R
#5508000
1M
#5509000
1[
#5510000
0D
0I
0N
1H
1S
1G
1X
0"
#5512000
1L
#5513000
0Q
#5514000
0M
#5515000
b1001111010011010 :
b1001111010011010 J
0V
1"
#5516000
1D
1I
1N
1R
0\
#5518000
0L
#5519000
0D
0H
0S
#5520000
1M
1W
0"
#5522000
1D
0I
0N
1Q
#5523000
0D
1F
1]
#5524000
1L
#5525000
b11110100110100 :
b11110100110100 J
1D
0R
0G
0X
1"
#5526000
0M
#5528000
1I
1N
1H
1S
#5530000
0L
1V
0"
0[
#5531000
0Q
#5532000
1M
#5534000
0D
0I
0N
1R
#5535000
b111101001101000 :
b111101001101000 J
0W
1"
#5536000
1L
#5537000
1D
0H
0S
1\
#5538000
0M
#5540000
1D
1I
1N
1Q
1G
1X
0"
#5542000
0L
#5543000
0R
#5544000
0D
1M
0F
0]
#5545000
b1111010011010000 :
b1111010011010000 J
0V
1"
#5546000
0I
0N
1H
1S
#5548000
1L
#5549000
0Q
#5550000
0M
1W
0"
#5551000
1[
#5552000
1D
1I
1N
1R
#5554000
0L
#5555000
b1110100110100001 :
b1110100110100001 J
1D
0H
0S
0G
0X
1"
#5556000
1M
#5558000
0D
0I
0N
1Q
0\
#5560000
1L
1V
0"
#5561000
0R
#5562000
0M
#5564000
1I
1N
1H
1S
#5565000
b1101001101000011 :
b1101001101000011 J
1D
0W
1"
1F
1]
#5566000
0L
#5567000
0Q
#5568000
1M
#5570000
1D
0I
0N
1R
1G
1X
0"
#5572000
1L
0[
#5573000
0D
0H
0S
#5574000
0M
#5575000
b1010011010000110 :
b1010011010000110 J
0V
1"
#5576000
1D
1I
1N
1Q
#5578000
0L
#5579000
0R
1\
#5580000
1M
1W
0"
#5582000
0I
0N
1H
1S
#5584000
1L
#5585000
b100110100001101 :
b100110100001101 J
0D
0Q
0G
0X
1"
#5586000
1D
0M
0F
0]
#5588000
0D
1I
1N
1R
#5590000
0L
1V
0"
#5591000
1D
0H
0S
#5592000
1M
#5593000
1[
#5594000
0D
0I
0N
1Q
#5595000
b1001101000011010 :
b1001101000011010 J
0W
1"
#5596000
1L
#5597000
0R
#5598000
0M
#5600000
1D
1I
1N
1H
1S
1G
1X
0"
0\
#5602000
0L
#5603000
0Q
#5604000
1M
#5605000
b11010000110101 :
b11010000110101 J
0V
1"
#5606000
0D
0I
0N
1R
#5607000
1D
1F
1]
#5608000
1L
#5609000
0D
0H
0S
#5610000
0M
1W
0"
#5612000
1D
1I
1N
1Q
#5614000
0L
0[
#5615000
b110100001101011 :
b110100001101011 J
0D
0R
0G
0X
1"
#5616000
1M
#5618000
0I
0N
1H
1S
#5620000
1L
1V
0"
#5621000
0Q
1\
#5622000
0M
#5624000
1D
1I
1N
1R
#5625000
b1101000011010111 :
b1101000011010111 J
0W
1"
#5626000
0L
#5627000
0D
0H
0S
#5628000
1D
1M
0F
0]
#5630000
1D
0I
0N
1Q
1G
1X
0"
#5632000
1L
#5633000
0R
#5634000
0M
#5635000
b1010000110101111 :
b1010000110101111 J
0V
1"
1[
#5636000
1I
1N
1H
1S
#5638000
0L
#5639000
0Q
#5640000
1M
1W
0"
#5642000
0D
0I
0N
1R
0\
#5644000
1L
#5645000
b100001101011110 :
b100001101011110 J
0D
0H
0S
0G
0X
1"
#5646000
0M
#5648000
1D
1I
1N
1Q
#5649000
0D
1F
1]
#5650000
0L
1V
0"
#5651000
0R
#5652000
1M
#5654000
0I
0N
1H
1S
#5655000
b1000011010111100 :
b1000011010111100 J
0W
1"
#5656000
1L
0[
#5657000
0Q
#5658000
0M
#5660000
0D
1I
1N
1R
1G
1X
0"
#5662000
0L
#5663000
1D
0H
0S
1\
#5664000
1M
#5665000
1.
b110101111001 :
b110101111001 J
0V
1"
#5666000
0D
0I
0N
1Q
#5668000
1L
#5669000
0R
#5670000
1D
0M
1W
0"
0F
0]
#5672000
1I
1N
1H
1S
#5674000
0L
#5675000
0.
b1101011110011 :
b1101011110011 J
b11 !
b11 A
0D
0Q
0G
0X
1"
#5676000
1M
#5677000
1[
#5678000
1D
0I
0N
1R
#5680000
1L
1V
0"
#5681000
0D
0H
0S
#5682000
0M
#5684000
1D
1I
1N
1Q
0\
#5685000
b11010111100111 :
b11010111100111 J
0W
1"
#5686000
0L
#5687000
0R
#5688000
1M
#5690000
0D
0I
0N
1H
1S
1G
1X
0"
#5691000
1D
1F
1]
#5692000
1L
#5693000
0Q
#5694000
0M
#5695000
b110101111001111 :
b110101111001111 J
0V
1"
#5696000
0D
1I
1N
1R
#5698000
0L
0[
#5699000
1D
0H
0S
#5700000
1M
1W
0"
#5702000
0D
0I
0N
1Q
#5704000
1L
#5705000
b1101011110011110 :
b1101011110011110 J
1D
0R
0G
0X
1"
1\
#5706000
0M
#5708000
1I
1N
1H
1S
#5710000
0L
1V
0"
#5711000
0Q
#5712000
0D
1M
0F
0]
#5714000
1D
0I
0N
1R
#5715000
b1010111100111101 :
b1010111100111101 J
0W
1"
#5716000
1L
#5717000
0D
0H
0S
#5718000
0M
#5719000
1[
#5720000
0D
1I
1N
1Q
1G
1X
0"
#5722000
0L
#5723000
0R
#5724000
1M
#5725000
b101111001111010 :
b101111001111010 J
0V
1"
#5726000
0I
0N
1H
1S
0\
#5728000
1L
#5729000
0Q
#5730000
0M
1W
0"
#5732000
1D
1I
1N
1R
#5733000
0D
1F
1]
#5734000
0L
#5735000
b1011110011110100 :
b1011110011110100 J
0D
0H
0S
0G
0X
1"
#5736000
1M
#5738000
1D
0I
0N
1Q
#5740000
1L
1V
0"
0[
#5741000
0R
#5742000
0M
#5744000
1I
1N
1H
1S
#5745000
b111100111101001 :
b111100111101001 J
0W
1"
#5746000
0L
#5747000
0Q
1\
#5748000
1M
#5750000
1D
0I
0N
1R
1G
1X
0"
#5752000
1L
#5753000
0D
0H
0S
#5754000
1D
0M
0F
0]
#5755000
b1111001111010011 :
b1111001111010011 J
0V
1"
#5756000
0D
1I
1N
1Q
#5758000
0L
#5759000
0R
#5760000
1M
1W
0"
#5761000
1[
#5762000
0I
0N
1H
1S
#5764000
1L
#5765000
b1110011110100110 :
b1110011110100110 J
1D
0Q
0G
0X
1"
#5766000
0M
#5768000
0D
1I
1N
1R
0\
#5770000
0L
1V
0"
#5771000
1D
0H
0S
#5772000
1M
#5774000
0D
0I
0N
1Q
#5775000
b1100111101001101 :
b1100111101001101 J
1D
0W
1"
1F
1]
#5776000
1L
#5777000
0R
#5778000
0M
#5780000
0D
1I
1N
1H
1S
1G
1X
0"
#5782000
0L
0[
#5783000
0Q
#5784000
1M
#5785000
b1001111010011010 :
b1001111010011010 J
0V
1"
#5786000
1D
0I
0N
1R
#5788000
1L
#5789000
0D
0H
0S
1\
#5790000
0M
1W
0"
#5792000
1D
1I
1N
1Q
#5794000
0L
#5795000
b11110100110101 :
b11110100110101 J
0D
0R
0G
0X
1"
#5796000
1D
1M
0F
0]
#5798000
0I
0N
1H
1S
#5800000
1L
1V
0"
#5801000
0Q
#5802000
0M
#5803000
1[
#5804000
0D
1I
1N
1R
#5805000
b111101001101010 :
b111101001101010 J
0W
1"
#5806000
0L
#5807000
1D
0H
0S
#5808000
1M
#5810000
1D
0I
0N
1Q
1G
1X
0"
0\
#5812000
1L
#5813000
0R
#5814000
0M
#5815000
b1111010011010101 :
b1111010011010101 J
0V
1"
#5816000
1I
1N
1H
1S
#5817000
0D
1F
1]
#5818000
0L
#5819000
0Q
#5820000
1M
1W
0"
#5822000
1D
0I
0N
1R
#5824000
1L
0[
#5825000
b1110100110101011 :
b1110100110101011 J
1D
0H
0S
0G
0X
1"
#5826000
0M
#5828000
0D
1I
1N
1Q
#5830000
0L
1V
0"
#5831000
0R
1\
#5832000
1M
#5834000
0I
0N
1H
1S
#5835000
b1101001101010110 :
b1101001101010110 J
0W
1"
#5836000
1L
#5837000
0Q
#5838000
1D
0M
0F
0]
#5840000
1D
1I
1N
1R
1G
1X
0"
#5842000
0L
#5843000
0D
0H
0S
#5844000
1M
#5845000
b1010011010101100 :
b1010011010101100 J
0V
1"
1[
#5846000
1D
0I
0N
1Q
#5848000
1L
#5849000
0R
#5850000
0M
1W
0"
#5852000
1I
1N
1H
1S
0\
#5854000
0L
#5855000
b100110101011001 :
b100110101011001 J
0D
0Q
0G
0X
1"
#5856000
1M
#5858000
1D
0I
0N
1R
#5859000
0D
1F
1]
#5860000
1L
1V
0"
#5861000
1D
0H
0S
#5862000
0M
#5864000
0D
1I
1N
1Q
#5865000
b1001101010110010 :
b1001101010110010 J
0W
1"
#5866000
0L
0[
#5867000
0R
#5868000
1M
#5870000
1D
0I
0N
1H
1S
1G
1X
0"
#5872000
1L
#5873000
0Q
1\
#5874000
0M
#5875000
b11010101100101 :
b11010101100101 J
0V
1"
#5876000
0D
1I
1N
1R
#5878000
0L
#5879000
1D
0H
0S
#5880000
0D
1M
1W
0"
0F
0]
#5882000
1D
0I
0N
1Q
#5884000
1L
#5885000
b110101011001011 :
b110101011001011 J
0D
0R
0G
0X
1"
#5886000
0M
#5887000
1[
#5888000
1I
1N
1H
1S
#5890000
0L
1V
0"
#5891000
0Q
#5892000
1M
#5894000
1D
0I
0N
1R
0\
#5895000
b1101010110010111 :
b1101010110010111 J
0W
1"
#5896000
1L
#5897000
0D
0H
0S
#5898000
0M
#5900000
0D
1I
1N
1Q
1G
1X
0"
#5901000
1D
1F
1]
#5902000
0L
#5903000
0R
#5904000
1M
#5905000
b1010101100101111 :
b1010101100101111 J
0V
1"
#5906000
0I
0N
1H
1S
#5908000
1L
0[
#5909000
0Q
#5910000
0M
1W
0"
#5912000
0D
1I
1N
1R
#5914000
0L
#5915000
b101011001011110 :
b101011001011110 J
0D
0H
0S
0G
0X
1"
1\
#5916000
1M
#5918000
1D
0I
0N
1Q
#5920000
1L
1V
0"
#5921000
0R
#5922000
0D
0M
0F
0]
#5924000
1I
1N
1H
1S
#5925000
b1010110010111100 :
b1010110010111100 J
0W
1"
#5926000
0L
#5927000
0Q
#5928000
1M
#5929000
1[
#5930000
0D
0I
0N
1R
1G
1X
0"
#5932000
1L
#5933000
1D
0H
0S
#5934000
0M
#5935000
b101100101111001 :
b101100101111001 J
0V
1"
#5936000
0D
1I
1N
1Q
0\
#5938000
0L
#5939000
0R
#5940000
1M
1W
0"
#5942000
0I
0N
1H
1S
#5943000
1D
1F
1]
#5944000
1L
#5945000
b1011001011110011 :
b1011001011110011 J
0D
0Q
0G
0X
1"
#5946000
0M
#5948000
1D
1I
1N
1R
#5950000
0L
1V
0"
0[
#5951000
0D
0H
0S
#5952000
1M
#5954000
1D
0I
0N
1Q
#5955000
b110010111100111 :
b110010111100111 J
0W
1"
#5956000
1L
#5957000
0R
1\
#5958000
0M
#5960000
0D
1I
1N
1H
1S
1G
1X
0"
#5962000
0L
#5963000
0Q
#5964000
1D
1M
0F
0]
#5965000
b1100101111001111 :
b1100101111001111 J
0V
1"
#5966000
0D
0I
0N
1R
#5968000
1L
#5969000
1D
0H
0S
#5970000
0M
1W
0"
#5971000
1[
#5972000
0D
1I
1N
1Q
#5974000
0L
#5975000
b1001011110011110 :
b1001011110011110 J
1D
0R
0G
0X
1"
#5976000
1M
#5978000
0I
0N
1H
1S
0\
#5980000
1L
1V
0"
#5981000
0Q
#5982000
0M
#5984000
0D
1I
1N
1R
#5985000
b10111100111101 :
b10111100111101 J
1D
0W
1"
1F
1]
#5986000
0L
#5987000
0D
0H
0S
#5988000
1M
#5990000
0D
0I
0N
1Q
1G
1X
0"
#5992000
1L
0[
#5993000
0R
#5994000
0M
#5995000
b101111001111010 :
b101111001111010 J
0V
1"
#5996000
1I
1N
1H
1S
#5998000
0L
#5999000
0Q
1\
#6000000
1M
1W
0"
#6002000
1D
0I
0N
1R
#6004000
1L
#6005000
b1011110011110101 :
b1011110011110101 J
1D
0H
0S
0G
0X
1"
#6006000
0D
0M
0F
0]
#6008000
1D
1I
1N
1Q
#6010000
0L
1V
0"
#6011000
0R
#6012000
1M
#6013000
1[
#6014000
0I
0N
1H
1S
#6015000
b111100111101011 :
b111100111101011 J
0W
1"
#6016000
1L
#6017000
0Q
#6018000
0M
#6020000
1D
1I
1N
1R
1G
1X
0"
0\
#6022000
0L
#6023000
0D
0H
0S
#6024000
1M
#6025000
b1111001111010110 :
b1111001111010110 J
0V
1"
#6026000
1D
0I
0N
1Q
#6027000
0D
1F
1]
#6028000
1L
#6029000
0R
#6030000
0M
1W
0"
#6032000
1I
1N
1H
1S
#6034000
0L
0[
#6035000
b1110011110101100 :
b1110011110101100 J
1D
0Q
0G
0X
1"
#6036000
1M
#6038000
0D
0I
0N
1R
#6040000
1L
1V
0"
#6041000
1D
0H
0S
1\
#6042000
0M
#6044000
0D
1I
1N
1Q
#6045000
b1100111101011000 :
b1100111101011000 J
0W
1"
#6046000
0L
#6047000
0R
#6048000
1D
1M
0F
0]
#6050000
0D
0I
0N
1H
1S
1G
1X
0"
#6052000
1L
#6053000
0Q
#6054000
0M
#6055000
b1001111010110000 :
b1001111010110000 J
0V
1"
1[
#6056000
1D
1I
1N
1R
#6058000
0L
#6059000
0D
0H
0S
#6060000
1M
1W
0"
#6062000
1D
0I
0N
1Q
0\
#6064000
1L
#6065000
b11110101100001 :
b11110101100001 J
0D
0R
0G
0X
1"
#6066000
0M
#6068000
1I
1N
1H
1S
#6069000
1D
1F
1]
#6070000
0L
1V
0"
#6071000
0Q
#6072000
1M
#6074000
0D
0I
0N
1R
#6075000
b111101011000010 :
b111101011000010 J
0W
1"
#6076000
1L
0[
#6077000
1D
0H
0S
#6078000
0M
#6080000
1D
1I
1N
1Q
1G
1X
0"
#6082000
0L
#6083000
0R
1\
#6084000
1M
#6085000
b1111010110000101 :
b1111010110000101 J
0V
1"
#6086000
0I
0N
1H
1S
#6088000
1L
#6089000
0Q
#6090000
0D
0M
1W
0"
0F
0]
#6092000
1D
1I
1N
1R
#6094000
0L
#6095000
b1110101100001011 :
b1110101100001011 J
1D
0H
0S
0G
0X
1"
#6096000
1M
#6097000
1[
#6098000
0D
0I
0N
1Q
#6100000
1L
1V
0"
#6101000
0R
#6102000
0M
#6104000
1I
1N
1H
1S
0\
#6105000
b1101011000010110 :
b1101011000010110 J
0W
1"
#6106000
0L
#6107000
0Q
#6108000
1M
#6110000
0D
0I
0N
1R
1G
1X
0"
#6111000
1D
1F
1]
#6112000
1L
#6113000
0D
0H
0S
#6114000
0M
#6115000
b1010110000101100 :
b1010110000101100 J
0V
1"
#6116000
1D
1I
1N
1Q
#6118000
0L
0[
#6119000
0R
#6120000
1M
1W
0"
#6122000
0I
0N
1H
1S
#6124000
1L
#6125000
b101100001011001 :
b101100001011001 J
0D
0Q
0G
0X
1"
1\
#6126000
0M
#6128000
1D
1I
1N
1R
#6130000
0L
1V
0"
#6131000
0D
0H
0S
#6132000
1D
1M
0F
0]
#6134000
0D
0I
0N
1Q
#6135000
b1011000010110010 :
b1011000010110010 J
0W
1"
#6136000
1L
#6137000
0R
#6138000
0M
#6139000
1[
#6140000
1D
1I
1N
1H
1S
1G
1X
0"
#6142000
0L
#6143000
0Q
#6144000
1M
#6145000
b110000101100101 :
b110000101100101 J
0V
1"
#6146000
0D
0I
0N
1R
0\
#6148000
1L
#6149000
1D
0H
0S
#6150000
0M
1W
0"
#6152000
0D
1I
1N
1Q
#6153000
1D
1F
1]
#6154000
0L
#6155000
b1100001011001011 :
b1100001011001011 J
0D
0R
0G
0X
1"
#6156000
1M
#6158000
0I
0N
1H
1S
#6160000
1L
1V
0"
0[
#6161000
0Q
#6162000
0M
#6164000
1D
1I
1N
1R
#6165000
b1000010110010111 :
b1000010110010111 J
0W
1"
#6166000
0L
#6167000
0D
0H
0S
1\
#6168000
1M
#6170000
0D
0I
0N
1Q
1G
1X
0"
#6172000
1L
#6173000
0R
#6174000
1D
0M
0F
0]
#6175000
1.
b101100101111 :
b101100101111 J
0V
1"
#6176000
1I
1N
1H
1S
#6178000
0L
#6179000
0Q
#6180000
1M
1W
0"
#6181000
1[
#6182000
0D
0I
0N
1R
#6184000
1L
#6185000
0.
b1011001011110 :
b1011001011110 J
b1 !
b1 A
0D
0H
0S
0G
0X
1"
#6186000
0M
#6188000
1D
1I
1N
1Q
0\
#6190000
0L
1V
0"
#6191000
0R
#6192000
1M
#6194000
0I
0N
1H
1S
#6195000
b10110010111100 :
b10110010111100 J
0D
0W
1"
1F
1]
#6196000
1L
#6197000
0Q
#6198000
0M
#6200000
0D
1I
1N
1R
1G
1X
0"
#6202000
0L
0[
#6203000
1D
0H
0S
#6204000
1M
#6205000
b101100101111001 :
b101100101111001 J
0V
1"
#6206000
0D
0I
0N
1Q
#6208000
1L
#6209000
0R
1\
#6210000
0M
1W
0"
#6212000
1I
1N
1H
1S
#6214000
0L
#6215000
b1011001011110010 :
b1011001011110010 J
1D
0Q
0G
0X
1"
#6216000
0D
1M
0F
0]
#6218000
1D
0I
0N
1R
#6220000
1L
1V
0"
#6221000
0D
0H
0S
#6222000
0M
#6223000
1[
#6224000
1D
1I
1N
1Q
#6225000
b110010111100101 :
b110010111100101 J
0W
1"
#6226000
0L
#6227000
0R
#6228000
1M
#6230000
0D
0I
0N
1H
1S
1G
1X
0"
0\
#6232000
1L
#6233000
0Q
#6234000
0M
#6235000
b1100101111001010 :
b1100101111001010 J
0V
1"
#6236000
1D
1I
1N
1R
#6237000
0D
1F
1]
#6238000
0L
#6239000
1D
0H
0S
#6240000
1M
1W
0"
#6242000
0D
0I
0N
1Q
#6244000
1L
0[
#6245000
b1001011110010100 :
b1001011110010100 J
1D
0R
0G
0X
1"
#6246000
0M
#6248000
1I
1N
1H
1S
#6250000
0L
1V
0"
#6251000
0Q
1\
#6252000
1M
#6254000
0D
0I
0N
1R
#6255000
b10111100101000 :
b10111100101000 J
0W
1"
#6256000
1L
#6257000
1D
0H
0S
#6258000
0D
0M
0F
0]
#6260000
0D
1I
1N
1Q
1G
1X
0"
#6262000
0L
#6263000
0R
#6264000
1M
#6265000
b101111001010000 :
b101111001010000 J
0V
1"
1[
#6266000
0I
0N
1H
1S
#6268000
1L
#6269000
0Q
#6270000
0M
1W
0"
#6272000
1D
1I
1N
1R
0\
#6274000
0L
#6275000
b1011110010100001 :
b1011110010100001 J
1D
0H
0S
0G
0X
1"
#6276000
1M
#6278000
0D
0I
0N
1Q
#6279000
1D
1F
1]
#6280000
1L
1V
0"
#6281000
0R
#6282000
0M
#6284000
1I
1N
1H
1S
#6285000
b111100101000011 :
b111100101000011 J
0W
1"
#6286000
0L
0[
#6287000
0Q
#6288000
1M
#6290000
1D
0I
0N
1R
1G
1X
0"
#6292000
1L
#6293000
0D
0H
0S
1\
#6294000
0M
#6295000
b1111001010000110 :
b1111001010000110 J
0V
1"
#6296000
1D
1I
1N
1Q
#6298000
0L
#6299000
0R
#6300000
0D
1M
1W
0"
0F
0]
#6302000
0I
0N
1H
1S
#6304000
1L
#6305000
b1110010100001100 :
b1110010100001100 J
1D
0Q
0G
0X
1"
#6306000
0M
#6307000
1[
#6308000
0D
1I
1N
1R
#6310000
0L
1V
0"
#6311000
1D
0H
0S
#6312000
1M
#6314000
0D
0I
0N
1Q
0\
#6315000
b1100101000011000 :
b1100101000011000 J
0W
1"
#6316000
1L
#6317000
0R
#6318000
0M
#6320000
1D
1I
1N
1H
1S
1G
1X
0"
#6321000
0D
1F
1]
#6322000
0L
#6323000
0Q
#6324000
1M
#6325000
b1001010000110000 :
b1001010000110000 J
0V
1"
#6326000
1D
0I
0N
1R
#6328000
1L
0[
#6329000
0D
0H
0S
#6330000
0M
1W
0"
#6332000
1D
1I
1N
1Q
#6334000
0L
#6335000
b10100001100001 :
b10100001100001 J
0D
0R
0G
0X
1"
1\
#6336000
1M
#6338000
0I
0N
1H
1S
#6340000
1L
1V
0"
#6341000
0Q
#6342000
1D
0M
0F
0]
#6344000
0D
1I
1N
1R
#6345000
b101000011000010 :
b101000011000010 J
0W
1"
#6346000
0L
#6347000
1D
0H
0S
#6348000
1M
#6349000
1[
#6350000
1D
0I
0N
1Q
1G
1X
0"
#6352000
1L
#6353000
0R
#6354000
0M
#6355000
b1010000110000101 :
b1010000110000101 J
0V
1"
#6356000
1I
1N
1H
1S
0\
#6358000
0L
#6359000
0Q
#6360000
1M
1W
0"
#6362000
0D
0I
0N
1R
#6363000
1D
1F
1]
#6364000
1L
#6365000
b100001100001011 :
b100001100001011 J
1D
0H
0S
0G
0X
1"
#6366000
0M
#6368000
0D
1I
1N
1Q
#6370000
0L
1V
0"
0[
#6371000
0R
#6372000
1M
#6374000
0I
0N
1H
1S
#6375000
b1000011000010110 :
b1000011000010110 J
0W
1"
#6376000
1L
#6377000
0Q
1\
#6378000
0M
#6380000
0D
1I
1N
1R
1G
1X
0"
#6382000
0L
#6383000
1D
0H
0S
#6384000
0D
1M
0F
0]
#6385000
1.
b110000101100 :
b110000101100 J
0V
1"
#6386000
1D
0I
0N
1Q
#6388000
1L
#6389000
0R
#6390000
0M
1W
0"
#6391000
1[
#6392000
1I
1N
1H
1S
#6394000
0L
#6395000
0.
b1100001011001 :
b1100001011001 J
b11 !
b11 A
0D
0Q
0G
0X
1"
#6396000
1M
#6398000
1D
0I
0N
1R
0\
#6400000
1L
1V
0"
#6401000
0D
0H
0S
#6402000
0M
#6404000
1D
1I
1N
1Q
#6405000
b11000010110010 :
b11000010110010 J
0D
0W
1"
1F
1]
#6406000
0L
#6407000
0R
#6408000
1M
#6410000
1D
0I
0N
1H
1S
1G
1X
0"
#6412000
1L
0[
#6413000
0Q
#6414000
0M
#6415000
b110000101100101 :
b110000101100101 J
0V
1"
#6416000
0D
1I
1N
1R
#6418000
0L
#6419000
1D
0H
0S
1\
#6420000
1M
1W
0"
#6422000
0D
0I
0N
1Q
#6424000
1L
#6425000
b1100001011001010 :
b1100001011001010 J
1D
0R
0G
0X
1"
#6426000
0D
0M
0F
0]
#6428000
1I
1N
1H
1S
#6430000
0L
1V
0"
#6431000
0Q
#6432000
1M
#6433000
1[
#6434000
1D
0I
0N
1R
#6435000
b1000010110010101 :
b1000010110010101 J
0W
1"
#6436000
1L
#6437000
0D
0H
0S
#6438000
0M
#6440000
0D
1I
1N
1Q
1G
1X
0"
0\
#6442000
0L
#6443000
0R
#6444000
1M
#6445000
1.
b101100101010 :
b101100101010 J
0V
1"
#6446000
0I
0N
1H
1S
#6447000
1D
1F
1]
#6448000
1L
#6449000
0Q
#6450000
0M
1W
0"
#6452000
0D
1I
1N
1R
#6454000
0L
0[
#6455000
0.
b1011001010100 :
b1011001010100 J
b1 !
b1 A
0D
0H
0S
0G
0X
1"
#6456000
1M
#6458000
1D
0I
0N
1Q
#6460000
1L
1V
0"
#6461000
0R
1\
#6462000
0M
#6464000
1I
1N
1H
1S
#6465000
b10110010101001 :
b10110010101001 J
0W
1"
#6466000
0L
#6467000
0Q
#6468000
0D
1M
0F
0]
#6470000
0D
0I
0N
1R
1G
1X
0"
#6472000
1L
#6473000
1D
0H
0S
#6474000
0M
#6475000
b101100101010011 :
b101100101010011 J
0V
1"
1[
#6476000
0D
1I
1N
1Q
#6478000
0L
#6479000
0R
#6480000
1M
1W
0"
#6482000
0I
0N
1H
1S
0\
#6484000
1L
#6485000
b1011001010100110 :
b1011001010100110 J
1D
0Q
0G
0X
1"
#6486000
0M
#6488000
0D
1I
1N
1R
#6489000
1D
1F
1]
#6490000
0L
1V
0"
#6491000
0D
0H
0S
#6492000
1M
#6494000
1D
0I
0N
1Q
#6495000
b110010101001101 :
b110010101001101 J
0W
1"
#6496000
1L
0[
#6497000
0R
#6498000
0M
#6500000
0D
1I
1N
1H
1S
1G
1X
0"
#6502000
0L
#6503000
0Q
1\
#6504000
1M
#6505000
b1100101010011010 :
b1100101010011010 J
0V
1"
#6506000
1D
0I
0N
1R
#6508000
1L
#6509000
0D
0H
0S
#6510000
1D
0M
1W
0"
0F
0]
#6512000
0D
1I
1N
1Q
#6514000
0L
#6515000
b1001010100110100 :
b1001010100110100 J
1D
0R
0G
0X
1"
#6516000
1M
#6517000
1[
#6518000
0I
0N
1H
1S
#6520000
1L
1V
0"
#6521000
0Q
#6522000
0M
#6524000
0D
1I
1N
1R
0\
#6525000
b10101001101000 :
b10101001101000 J
0W
1"
#6526000
0L
#6527000
1D
0H
0S
#6528000
1M
#6530000
1D
0I
0N
1Q
1G
1X
0"
#6531000
0D
1F
1]
#6532000
1L
#6533000
0R
#6534000
0M
#6535000
b101010011010000 :
b101010011010000 J
0V
1"
#6536000
1I
1N
1H
1S
#6538000
0L
0[
#6539000
0Q
#6540000
1M
1W
0"
#6542000
1D
0I
0N
1R
#6544000
1L
#6545000
b1010100110100001 :
b1010100110100001 J
1D
0H
0S
0G
0X
1"
1\
#6546000
0M
#6548000
0D
1I
1N
1Q
#6550000
0L
1V
0"
#6551000
0R
#6552000
1D
1M
0F
0]
#6554000
0I
0N
1H
1S
#6555000
b101001101000011 :
b101001101000011 J
0W
1"
#6556000
1L
#6557000
0Q
#6558000
0M
#6559000
1[
#6560000
1D
1I
1N
1R
1G
1X
0"
#6562000
0L
#6563000
0D
0H
0S
#6564000
1M
#6565000
b1010011010000110 :
b1010011010000110 J
0V
1"
#6566000
1D
0I
0N
1Q
0\
#6568000
1L
#6569000
0R
#6570000
0M
1W
0"
#6572000
1I
1N
1H
1S
#6573000
0D
1F
1]
#6574000
0L
#6575000
b100110100001100 :
b100110100001100 J
1D
0Q
0G
0X
1"
#6576000
1M
#6578000
0D
0I
0N
1R
#6580000
1L
1V
0"
0[
#6581000
1D
0H
0S
#6582000
0M
#6584000
0D
1I
1N
1Q
#6585000
b1001101000011000 :
b1001101000011000 J
0W
1"
#6586000
0L
#6587000
0R
1\
#6588000
1M
#6590000
1D
0I
0N
1H
1S
1G
1X
0"
#6592000
1L
#6593000
0Q
#6594000
0D
0M
0F
0]
#6595000
b11010000110000 :
b11010000110000 J
0V
1"
#6596000
1D
1I
1N
1R
#6598000
0L
#6599000
0D
0H
0S
#6600000
1M
1W
0"
#6601000
1[
#6602000
1D
0I
0N
1Q
#6604000
1L
#6605000
b110100001100001 :
b110100001100001 J
0D
0R
0G
0X
1"
#6606000
0M
#6608000
1I
1N
1H
1S
0\
#6610000
0L
1V
0"
#6611000
0Q
#6612000
1M
#6614000
1D
0I
0N
1R
#6615000
b1101000011000010 :
b1101000011000010 J
0D
0W
1"
1F
1]
#6616000
1L
#6617000
1D
0H
0S
#6618000
0M
#6620000
1D
1I
1N
1Q
1G
1X
0"
#6622000
0L
0[
#6623000
0R
#6624000
1M
#6625000
b1010000110000101 :
b1010000110000101 J
0V
1"
#6626000
0I
0N
1H
1S
#6628000
1L
#6629000
0Q
1\
#6630000
0M
1W
0"
#6632000
0D
1I
1N
1R
#6634000
0L
#6635000
b100001100001010 :
b100001100001010 J
0D
0H
0S
0G
0X
1"
#6636000
1D
1M
0F
0]
#6638000
0D
0I
0N
1Q
#6640000
1L
1V
0"
#6641000
0R
#6642000
0M
#6643000
1[
#6644000
1I
1N
1H
1S
#6645000
b1000011000010100 :
b1000011000010100 J
0W
1"
#6646000
0L
#6647000
0Q
#6648000
1M
#6650000
0D
0I
0N
1R
1G
1X
0"
0\
#6652000
1L
#6653000
1D
0H
0S
#6654000
0M
#6655000
1.
b110000101001 :
b110000101001 J
0V
1"
#6656000
0D
1I
1N
1Q
#6657000
1D
1F
1]
#6658000
0L
#6659000
0R
#6660000
1M
1W
0"
#6662000
0I
0N
1H
1S
#6664000
1L
0[
#6665000
0.
b1100001010011 :
b1100001010011 J
b11 !
b11 A
0D
0Q
0G
0X
1"
#6666000
0M
#6668000
1D
1I
1N
1R
#6670000
0L
1V
0"
#6671000
0D
0H
0S
1\
#6672000
1M
#6674000
1D
0I
0N
1Q
#6675000
b11000010100111 :
b11000010100111 J
0W
1"
#6676000
1L
#6677000
0R
#6678000
0D
0M
0F
0]
#6680000
1D
1I
1N
1H
1S
1G
1X
0"
#6682000
0L
#6683000
0Q
#6684000
1M
#6685000
b110000101001111 :
b110000101001111 J
0V
1"
1[
#6686000
0D
0I
0N
1R
#6688000
1L
#6689000
1D
0H
0S
#6690000
0M
1W
0"
#6692000
0D
1I
1N
1Q
0\
#6694000
0L
#6695000
b1100001010011110 :
b1100001010011110 J
1D
0R
0G
0X
1"
#6696000
1M
#6698000
0I
0N
1H
1S
#6699000
0D
1F
1]
#6700000
1L
1V
0"
#6701000
0Q
#6702000
0M
#6704000
1D
1I
1N
1R
#6705000
b1000010100111101 :
b1000010100111101 J
0W
1"
#6706000
0L
0[
#6707000
0D
0H
0S
#6708000
1M
#6710000
0D
0I
0N
1Q
1G
1X
0"
#6712000
1L
#6713000
0R
1\
#6714000
0M
#6715000
1.
b101001111010 :
b101001111010 J
0V
1"
#6716000
1I
1N
1H
1S
#6718000
0L
#6719000
0Q
#6720000
1D
1M
1W
0"
0F
0]
#6722000
0D
0I
0N
1R
#6724000
1L
#6725000
0.
b1010011110100 :
b1010011110100 J
b1 !
b1 A
0D
0H
0S
0G
0X
1"
#6726000
0M
#6727000
1[
#6728000
1D
1I
1N
1Q
#6730000
0L
1V
0"
#6731000
0R
#6732000
1M
#6734000
0I
0N
1H
1S
0\
#6735000
b10100111101001 :
b10100111101001 J
0W
1"
#6736000
1L
#6737000
0Q
#6738000
0M
#6740000
1D
1I
1N
1R
1G
1X
0"
#6741000
0D
1F
1]
#6742000
0L
#6743000
1D
0H
0S
#6744000
1M
#6745000
b101001111010011 :
b101001111010011 J
0V
1"
#6746000
0D
0I
0N
1Q
#6748000
1L
0[
#6749000
0R
#6750000
0M
1W
0"
#6752000
1I
1N
1H
1S
#6754000
0L
#6755000
b1010011110100110 :
b1010011110100110 J
1D
0Q
0G
0X
1"
1\
#6756000
1M
#6758000
0D
0I
0N
1R
#6760000
1L
1V
0"
#6761000
1D
0H
0S
#6762000
0D
0M
0F
0]
#6764000
1D
1I
1N
1Q
#6765000
b100111101001101 :
b100111101001101 J
0W
1"
#6766000
0L
#6767000
0R
#6768000
1M
#6769000
1[
#6770000
0D
0I
0N
1H
1S
1G
1X
0"
#6772000
1L
#6773000
0Q
#6774000
0M
#6775000
b1001111010011010 :
b1001111010011010 J
0V
1"
#6776000
1D
1I
1N
1R
0\
#6778000
0L
#6779000
0D
0H
0S
#6780000
1M
1W
0"
#6782000
1D
0I
0N
1Q
#6783000
0D
1F
1]
#6784000
1L
#6785000
b11110100110100 :
b11110100110100 J
1D
0R
0G
0X
1"
#6786000
0M
#6788000
1I
1N
1H
1S
#6790000
0L
1V
0"
0[
#6791000
0Q
#6792000
1M
#6794000
0D
0I
0N
1R
#6795000
b111101001101000 :
b111101001101000 J
0W
1"
#6796000
1L
#6797000
1D
0H
0S
1\
#6798000
0M
#6800000
1D
1I
1N
1Q
1G
1X
0"
#6802000
0L
#6803000
0R
#6804000
0D
1M
0F
0]
#6805000
b1111010011010000 :
b1111010011010000 J
0V
1"
#6806000
0I
0N
1H
1S
#6808000
1L
#6809000
0Q
#6810000
0M
1W
0"
#6811000
1[
#6812000
1D
1I
1N
1R
#6814000
0L
#6815000
b1110100110100001 :
b1110100110100001 J
1D
0H
0S
0G
0X
1"
#6816000
1M
#6818000
0D
0I
0N
1Q
0\
#6820000
1L
1V
0"
#6821000
0R
#6822000
0M
#6824000
1I
1N
1H
1S
#6825000
b1101001101000011 :
b1101001101000011 J
1D
0W
1"
1F
1]
#6826000
0L
#6827000
0Q
#6828000
1M
#6830000
1D
0I
0N
1R
1G
1X
0"
#6832000
1L
0[
#6833000
0D
0H
0S
#6834000
0M
#6835000
b1010011010000110 :
b1010011010000110 J
0V
1"
#6836000
1D
1I
1N
1Q
#6838000
0L
#6839000
0R
1\
#6840000
1M
1W
0"
#6842000
0I
0N
1H
1S
#6844000
1L
#6845000
b100110100001101 :
b100110100001101 J
0D
0Q
0G
0X
1"
#6846000
1D
0M
0F
0]
#6848000
0D
1I
1N
1R
#6850000
0L
1V
0"
#6851000
1D
0H
0S
#6852000
1M
#6853000
1[
#6854000
0D
0I
0N
1Q
#6855000
b1001101000011010 :
b1001101000011010 J
0W
1"
#6856000
1L
#6857000
0R
#6858000
0M
#6860000
1D
1I
1N
1H
1S
1G
1X
0"
0\
#6862000
0L
#6863000
0Q
#6864000
1M
#6865000
b11010000110101 :
b11010000110101 J
0V
1"
#6866000
0D
0I
0N
1R
#6867000
1D
1F
1]
#6868000
1L
#6869000
0D
0H
0S
#6870000
0M
1W
0"
#6872000
1D
1I
1N
1Q
#6874000
0L
0[
#6875000
b110100001101011 :
b110100001101011 J
0D
0R
0G
0X
1"
#6876000
1M
#6878000
0I
0N
1H
1S
#6880000
1L
1V
0"
#6881000
0Q
1\
#6882000
0M
#6884000
1D
1I
1N
1R
#6885000
b1101000011010111 :
b1101000011010111 J
0W
1"
#6886000
0L
#6887000
0D
0H
0S
#6888000
1D
1M
0F
0]
#6890000
1D
0I
0N
1Q
1G
1X
0"
#6892000
1L
#6893000
0R
#6894000
0M
#6895000
b1010000110101111 :
b1010000110101111 J
0V
1"
1[
#6896000
1I
1N
1H
1S
#6898000
0L
#6899000
0Q
#6900000
1M
1W
0"
#6902000
0D
0I
0N
1R
0\
#6904000
1L
#6905000
b100001101011110 :
b100001101011110 J
0D
0H
0S
0G
0X
1"
#6906000
0M
#6908000
1D
1I
1N
1Q
#6909000
0D
1F
1]
#6910000
0L
1V
0"
#6911000
0R
#6912000
1M
#6914000
0I
0N
1H
1S
#6915000
b1000011010111100 :
b1000011010111100 J
0W
1"
#6916000
1L
0[
#6917000
0Q
#6918000
0M
#6920000
0D
1I
1N
1R
1G
1X
0"
#6922000
0L
#6923000
1D
0H
0S
1\
#6924000
1M
#6925000
1.
b110101111001 :
b110101111001 J
0V
1"
#6926000
0D
0I
0N
1Q
#6928000
1L
#6929000
0R
#6930000
1D
0M
1W
0"
0F
0]
#6932000
1I
1N
1H
1S
#6934000
0L
#6935000
0.
b1101011110011 :
b1101011110011 J
b11 !
b11 A
0D
0Q
0G
0X
1"
#6936000
1M
#6937000
1[
#6938000
1D
0I
0N
1R
#6940000
1L
1V
0"
#6941000
0D
0H
0S
#6942000
0M
#6944000
1D
1I
1N
1Q
0\
#6945000
b11010111100111 :
b11010111100111 J
0W
1"
#6946000
0L
#6947000
0R
#6948000
1M
#6950000
0D
0I
0N
1H
1S
1G
1X
0"
#6951000
1D
1F
1]
#6952000
1L
#6953000
0Q
#6954000
0M
#6955000
b110101111001111 :
b110101111001111 J
0V
1"
#6956000
0D
1I
1N
1R
#6958000
0L
0[
#6959000
1D
0H
0S
#6960000
1M
1W
0"
#6962000
0D
0I
0N
1Q
#6964000
1L
#6965000
b1101011110011110 :
b1101011110011110 J
1D
0R
0G
0X
1"
1\
#6966000
0M
#6968000
1I
1N
1H
1S
#6970000
0L
1V
0"
#6971000
0Q
#6972000
0D
1M
0F
0]
#6974000
1D
0I
0N
1R
#6975000
b1010111100111101 :
b1010111100111101 J
0W
1"
#6976000
1L
#6977000
0D
0H
0S
#6978000
0M
#6979000
1[
#6980000
0D
1I
1N
1Q
1G
1X
0"
#6982000
0L
#6983000
0R
#6984000
1M
#6985000
b101111001111010 :
b101111001111010 J
0V
1"
#6986000
0I
0N
1H
1S
0\
#6988000
1L
#6989000
0Q
#6990000
0M
1W
0"
#6992000
1D
1I
1N
1R
#6993000
0D
1F
1]
#6994000
0L
#6995000
b1011110011110100 :
b1011110011110100 J
0D
0H
0S
0G
0X
1"
#6996000
1M
#6998000
1D
0I
0N
1Q
#7000000
1L
1V
0"
0[
#7001000
0R
#7002000
0M
#7004000
1I
1N
1H
1S
#7005000
b111100111101001 :
b111100111101001 J
0W
1"
#7006000
0L
#7007000
0Q
1\
#7008000
1M
#7010000
1D
0I
0N
1R
1G
1X
0"
#7012000
1L
#7013000
0D
0H
0S
#7014000
1D
0M
0F
0]
#7015000
b1111001111010011 :
b1111001111010011 J
0V
1"
#7016000
0D
1I
1N
1Q
#7018000
0L
#7019000
0R
#7020000
1M
1W
0"
